<?xml version = '1.0' encoding = 'UTF-8'?>
<Diagram class="oracle.dbtools.crest.swingui.multidimensional.DPVMultidimensional" name="Multidimensional_1" id="C725D272-83E8-4065-FAF2-FC792F1F522D">
<createdBy>berio</createdBy>
<modifiedBy>berio</modifiedBy>
<createdTime>2024-02-07 12:09:55 UTC</createdTime>
<autoRoute>false</autoRoute>
<boxInbox>true</boxInbox>
<showLegend>false</showLegend>
<showLabels>false</showLabels>
<showRelAttributes>false</showRelAttributes>
<gridEnabled>false</gridEnabled>
<showGrid>false</showGrid>
<diagramColor>-1</diagramColor>
<display>false</display>
<notation>1</notation>
<compactDiagram class="oracle.dbtools.crest.swingui.multidimensional.DPVCompactMultidimentional" name="Multidimensional_1 - Diagramme compact" id="FFC7AD1B-9C8F-5254-56DB-4F9EDEC24A04">
<createdBy>berio</createdBy>
<modifiedBy>berio</modifiedBy>
<createdTime>2024-02-07 12:09:55 UTC</createdTime>
<autoRoute>false</autoRoute>
<boxInbox>true</boxInbox>
<showLegend>false</showLegend>
<showLabels>false</showLabels>
<showRelAttributes>false</showRelAttributes>
<gridEnabled>false</gridEnabled>
<showGrid>false</showGrid>
<diagramColor>-1</diagramColor>
<display>false</display>
<notation>1</notation>
<objectViews>
<OView class="oracle.dbtools.crest.swingui.multidimensional.TVLevel" oid="2F6B346F-F8A7-8A70-3BF8-A03899E5A2F1" otype="Level" vid="3992D3B9-4A5B-3E3C-3B4A-D917BC265092">
<hideElementsInCurrentOnly>false</hideElementsInCurrentOnly>
<bounds x="82" y="453" width="80" height="30"/>
</OView>
<OView class="oracle.dbtools.crest.swingui.multidimensional.TVLevel" oid="2FFE3783-E3FA-92AA-DC09-46D35BFE1F7F" otype="Level" vid="FD974F24-3AC9-372C-E087-AFC0EAF4D40C">
<hideElementsInCurrentOnly>false</hideElementsInCurrentOnly>
<bounds x="67" y="140" width="80" height="30"/>
</OView>
<OView class="oracle.dbtools.crest.swingui.multidimensional.TVDimension" oid="32485107-7C09-10B5-2E28-DBF3C2F578BA" otype="Dimension" vid="D1228177-2282-59E5-3AB0-BC9EC78C6AD9">
<hideElementsInCurrentOnly>false</hideElementsInCurrentOnly>
<bounds x="561" y="733" width="80" height="30"/>
</OView>
<OView class="oracle.dbtools.crest.swingui.multidimensional.TVLevel" oid="3E8455D3-A21B-9513-8319-FD9F3D69DEBC" otype="Level" vid="59A29705-F48C-10C5-736D-7FD05B2D8A33">
<hideElementsInCurrentOnly>false</hideElementsInCurrentOnly>
<bounds x="756" y="652" width="80" height="30"/>
</OView>
<OView class="oracle.dbtools.crest.swingui.multidimensional.TVDimension" oid="40225E76-FCD9-901F-65DE-B09E7957276F" otype="Dimension" vid="686D030A-E6B1-0530-5019-F40576A51803">
<hideElementsInCurrentOnly>false</hideElementsInCurrentOnly>
<bounds x="290" y="202" width="80" height="30"/>
</OView>
<OView class="oracle.dbtools.crest.swingui.multidimensional.TVLevel" oid="4FBCCF42-43A7-1962-3B44-8EE0AA60A962" otype="Level" vid="72B76999-45B7-E240-E29F-EDF5180CF0BC">
<hideElementsInCurrentOnly>false</hideElementsInCurrentOnly>
<bounds x="206" y="583" width="80" height="30"/>
</OView>
<OView class="oracle.dbtools.crest.swingui.multidimensional.TVDimension" oid="58DAA75A-09A0-D54B-5BA1-25CC260A73A5" otype="Dimension" vid="3548B02F-B0D9-E514-E83A-6BF5B7B4FFE5">
<hideElementsInCurrentOnly>false</hideElementsInCurrentOnly>
<bounds x="343" y="507" width="80" height="30"/>
</OView>
<OView class="oracle.dbtools.crest.swingui.multidimensional.TVLevel" oid="6195EB2B-7070-4992-659A-E9BFB42F7304" otype="Level" vid="58FFD319-2FBB-11E2-D7C4-11C5AEF2E2DB">
<hideElementsInCurrentOnly>false</hideElementsInCurrentOnly>
<bounds x="249" y="620" width="80" height="30"/>
</OView>
<OView class="oracle.dbtools.crest.swingui.multidimensional.TVLevel" oid="668EDB27-42CE-FB77-8979-EC6DD8E7DA3B" otype="Level" vid="A718040F-C22A-7467-4989-8A7E3BDCF5FA">
<hideElementsInCurrentOnly>false</hideElementsInCurrentOnly>
<bounds x="355" y="225" width="80" height="30"/>
</OView>
<OView class="oracle.dbtools.crest.swingui.multidimensional.TVCube" oid="7531354F-9519-F9D2-7146-78EEBEE9DBA6" otype="Cube" vid="DEFC1AEE-2B84-F796-449D-F7334A1B89B4">
<hideElementsInCurrentOnly>false</hideElementsInCurrentOnly>
<bounds x="353" y="225" width="110" height="110"/>
</OView>
<OView class="oracle.dbtools.crest.swingui.multidimensional.TVLevel" oid="97401288-581E-7371-88C5-8460867C48D8" otype="Level" vid="4DF14155-F7AA-0AB6-BC35-5C72FC2DF362">
<hideElementsInCurrentOnly>false</hideElementsInCurrentOnly>
<bounds x="706" y="714" width="80" height="30"/>
</OView>
<OView class="oracle.dbtools.crest.swingui.multidimensional.TVLevel" oid="AC6664D3-5972-23F5-4747-A407CDD422AD" otype="Level" vid="DEE18F66-B909-9F8A-F1EB-DBA2A49AEB0D">
<hideElementsInCurrentOnly>false</hideElementsInCurrentOnly>
<bounds x="507" y="748" width="80" height="30"/>
</OView>
<OView class="oracle.dbtools.crest.swingui.multidimensional.TVDimension" oid="CA45EA79-2E35-83AD-3198-B41ACB66B70F" otype="Dimension" vid="6750C546-36CB-6BB3-1A3D-0421A4E088F3">
<hideElementsInCurrentOnly>false</hideElementsInCurrentOnly>
<bounds x="101" y="123" width="80" height="30"/>
</OView>
<OView class="oracle.dbtools.crest.swingui.multidimensional.TVLevel" oid="D11BCD7E-E3CD-82D7-C776-7ABC14218C2B" otype="Level" vid="52DBC668-DD0B-02D6-64F7-80033E0104A2">
<hideElementsInCurrentOnly>false</hideElementsInCurrentOnly>
<bounds x="556" y="229" width="80" height="30"/>
</OView>
<OView class="oracle.dbtools.crest.swingui.multidimensional.TVLevel" oid="E41AFB8B-8C48-3280-28DE-58075C0DB788" otype="Level" vid="E8B38726-EE15-B47D-83DF-EAE91D34807D">
<hideElementsInCurrentOnly>false</hideElementsInCurrentOnly>
<bounds x="331" y="489" width="80" height="30"/>
</OView>
<OView class="oracle.dbtools.crest.swingui.multidimensional.TVLevel" oid="F6AF1686-9247-A2E6-F316-333EBA4248C3" otype="Level" vid="929A5ACC-A527-B893-738D-C5A0BC503C75">
<hideElementsInCurrentOnly>false</hideElementsInCurrentOnly>
<bounds x="98" y="102" width="80" height="30"/>
</OView>
</objectViews>
<connectors>
<Connector class="oracle.dbtools.crest.swingui.multidimensional.TVLink" oid="022ED80F-FD59-8067-EE29-7DA1BDF2F4A4" otype="Link" vid_source="4DF14155-F7AA-0AB6-BC35-5C72FC2DF362" vid_target="59A29705-F48C-10C5-736D-7FD05B2D8A33">
<hideElementsInCurrentOnly>false</hideElementsInCurrentOnly>
<backgroundColor>-16776961</backgroundColor>
<lineWidth>1</lineWidth>
<points>
<point x="771" y="714"/>
<point x="771" y="682"/>
</points>
</Connector>
<Connector class="oracle.dbtools.crest.swingui.multidimensional.TVLink" oid="17A0D1D7-0DAD-A7D6-FBD5-2A513BD3C774" otype="Link" vid_source="58FFD319-2FBB-11E2-D7C4-11C5AEF2E2DB" vid_target="72B76999-45B7-E240-E29F-EDF5180CF0BC">
<hideElementsInCurrentOnly>false</hideElementsInCurrentOnly>
<backgroundColor>-16776961</backgroundColor>
<lineWidth>1</lineWidth>
<points>
<point x="267" y="620"/>
<point x="267" y="613"/>
</points>
</Connector>
<Connector class="oracle.dbtools.crest.swingui.multidimensional.TVLink" oid="2E18A28D-DFF0-9BA8-E736-CD19FED4F93D" otype="Link" vid_source="DEFC1AEE-2B84-F796-449D-F7334A1B89B4" vid_target="6750C546-36CB-6BB3-1A3D-0421A4E088F3">
<hideElementsInCurrentOnly>false</hideElementsInCurrentOnly>
<backgroundColor>-16776961</backgroundColor>
<lineWidth>1</lineWidth>
<points>
<point x="353" y="250"/>
<point x="169" y="153"/>
</points>
</Connector>
<Connector class="oracle.dbtools.crest.swingui.multidimensional.TVLink" oid="4C2A3227-3B11-9C6A-10E6-5EFAC04F6DA0" otype="Link" vid_source="DEFC1AEE-2B84-F796-449D-F7334A1B89B4" vid_target="686D030A-E6B1-0530-5019-F40576A51803">
<hideElementsInCurrentOnly>false</hideElementsInCurrentOnly>
<backgroundColor>-16776961</backgroundColor>
<lineWidth>1</lineWidth>
<points>
<point x="353" y="228"/>
<point x="370" y="228"/>
</points>
</Connector>
<Connector class="oracle.dbtools.crest.swingui.multidimensional.TVLink" oid="52BDBB5A-D6F4-784A-D493-6F379AEA9CCE" otype="Link" vid_source="929A5ACC-A527-B893-738D-C5A0BC503C75" vid_target="FD974F24-3AC9-372C-E087-AFC0EAF4D40C">
<hideElementsInCurrentOnly>false</hideElementsInCurrentOnly>
<backgroundColor>-16776961</backgroundColor>
<lineWidth>1</lineWidth>
<points>
<point x="122" y="132"/>
<point x="122" y="140"/>
</points>
</Connector>
<Connector class="oracle.dbtools.crest.swingui.multidimensional.TVLink" oid="5F3525B5-F02A-090F-D37C-615032158451" otype="Link" vid_source="DEFC1AEE-2B84-F796-449D-F7334A1B89B4" vid_target="D1228177-2282-59E5-3AB0-BC9EC78C6AD9">
<hideElementsInCurrentOnly>false</hideElementsInCurrentOnly>
<backgroundColor>-16776961</backgroundColor>
<lineWidth>1</lineWidth>
<points>
<point x="430" y="335"/>
<point x="594" y="733"/>
</points>
</Connector>
<Connector class="oracle.dbtools.crest.swingui.multidimensional.TVLink" oid="68532AD4-3813-E2A9-DC15-143FE063F012" otype="Link" vid_source="D1228177-2282-59E5-3AB0-BC9EC78C6AD9" vid_target="DEE18F66-B909-9F8A-F1EB-DBA2A49AEB0D">
<hideElementsInCurrentOnly>false</hideElementsInCurrentOnly>
<backgroundColor>-16776961</backgroundColor>
<lineWidth>1</lineWidth>
<points>
<point x="561" y="755"/>
<point x="587" y="755"/>
</points>
</Connector>
<Connector class="oracle.dbtools.crest.swingui.multidimensional.TVLink" oid="6B569492-66BE-7224-6184-32B28B52C465" otype="Link" vid_source="3992D3B9-4A5B-3E3C-3B4A-D917BC265092" vid_target="72B76999-45B7-E240-E29F-EDF5180CF0BC">
<hideElementsInCurrentOnly>false</hideElementsInCurrentOnly>
<backgroundColor>-16776961</backgroundColor>
<lineWidth>1</lineWidth>
<points>
<point x="136" y="483"/>
<point x="231" y="583"/>
</points>
</Connector>
<Connector class="oracle.dbtools.crest.swingui.multidimensional.TVLink" oid="7A907504-7ADA-73F0-0D65-7DD69210D269" otype="Link" vid_source="6750C546-36CB-6BB3-1A3D-0421A4E088F3" vid_target="929A5ACC-A527-B893-738D-C5A0BC503C75">
<hideElementsInCurrentOnly>false</hideElementsInCurrentOnly>
<backgroundColor>-16776961</backgroundColor>
<lineWidth>1</lineWidth>
<points>
<point x="101" y="127"/>
<point x="178" y="127"/>
</points>
</Connector>
<Connector class="oracle.dbtools.crest.swingui.multidimensional.TVLink" oid="7FA1E30B-F5D5-D486-5353-4453877117F7" otype="Link" vid_source="E8B38726-EE15-B47D-83DF-EAE91D34807D" vid_target="58FFD319-2FBB-11E2-D7C4-11C5AEF2E2DB">
<hideElementsInCurrentOnly>false</hideElementsInCurrentOnly>
<backgroundColor>-16776961</backgroundColor>
<lineWidth>1</lineWidth>
<points>
<point x="361" y="519"/>
<point x="298" y="620"/>
</points>
</Connector>
<Connector class="oracle.dbtools.crest.swingui.multidimensional.TVLink" oid="8292DB9A-336F-CBB2-436F-37ABBE9969C1" otype="Link" vid_source="DEFC1AEE-2B84-F796-449D-F7334A1B89B4" vid_target="3548B02F-B0D9-E514-E83A-6BF5B7B4FFE5">
<hideElementsInCurrentOnly>false</hideElementsInCurrentOnly>
<backgroundColor>-16776961</backgroundColor>
<lineWidth>1</lineWidth>
<points>
<point x="388" y="335"/>
<point x="388" y="507"/>
</points>
</Connector>
<Connector class="oracle.dbtools.crest.swingui.multidimensional.TVLink" oid="989465BE-7D72-A8A3-5CFF-36ADAE9ACB12" otype="Link" vid_source="DEE18F66-B909-9F8A-F1EB-DBA2A49AEB0D" vid_target="4DF14155-F7AA-0AB6-BC35-5C72FC2DF362">
<hideElementsInCurrentOnly>false</hideElementsInCurrentOnly>
<backgroundColor>-16776961</backgroundColor>
<lineWidth>1</lineWidth>
<points>
<point x="587" y="756"/>
<point x="706" y="735"/>
</points>
</Connector>
<Connector class="oracle.dbtools.crest.swingui.multidimensional.TVLink" oid="998E979F-3EFE-53B0-3A01-0D4868C3229C" otype="Link" vid_source="E8B38726-EE15-B47D-83DF-EAE91D34807D" vid_target="3992D3B9-4A5B-3E3C-3B4A-D917BC265092">
<hideElementsInCurrentOnly>false</hideElementsInCurrentOnly>
<backgroundColor>-16776961</backgroundColor>
<lineWidth>1</lineWidth>
<points>
<point x="331" y="498"/>
<point x="162" y="473"/>
</points>
</Connector>
<Connector class="oracle.dbtools.crest.swingui.multidimensional.TVLink" oid="B0237A16-7CDF-499A-B61F-D6493A8FD5EB" otype="Link" vid_source="3548B02F-B0D9-E514-E83A-6BF5B7B4FFE5" vid_target="E8B38726-EE15-B47D-83DF-EAE91D34807D">
<hideElementsInCurrentOnly>false</hideElementsInCurrentOnly>
<backgroundColor>-16776961</backgroundColor>
<lineWidth>1</lineWidth>
<points>
<point x="343" y="513"/>
<point x="411" y="513"/>
</points>
</Connector>
<Connector class="oracle.dbtools.crest.swingui.multidimensional.TVLink" oid="D82E8C9B-BD02-D31A-216C-030D61D3CB89" otype="Link" vid_source="A718040F-C22A-7467-4989-8A7E3BDCF5FA" vid_target="52DBC668-DD0B-02D6-64F7-80033E0104A2">
<hideElementsInCurrentOnly>false</hideElementsInCurrentOnly>
<backgroundColor>-16776961</backgroundColor>
<lineWidth>1</lineWidth>
<points>
<point x="435" y="242"/>
<point x="556" y="242"/>
</points>
</Connector>
<Connector class="oracle.dbtools.crest.swingui.multidimensional.TVLink" oid="F0B33BCC-942D-3D6F-3682-AEEA350D4A49" otype="Link" vid_source="686D030A-E6B1-0530-5019-F40576A51803" vid_target="A718040F-C22A-7467-4989-8A7E3BDCF5FA">
<hideElementsInCurrentOnly>false</hideElementsInCurrentOnly>
<backgroundColor>-16776961</backgroundColor>
<lineWidth>1</lineWidth>
<points>
<point x="370" y="228"/>
<point x="355" y="228"/>
</points>
</Connector>
</connectors>
</compactDiagram>
<objectViews>
<OView class="oracle.dbtools.crest.swingui.multidimensional.TVLevel" oid="2F6B346F-F8A7-8A70-3BF8-A03899E5A2F1" otype="Level" vid="F2FDB285-3430-B8D8-ED87-A6A95ECC7351">
<hideElementsInCurrentOnly>false</hideElementsInCurrentOnly>
<bounds x="4" y="453" width="170" height="110"/>
</OView>
<OView class="oracle.dbtools.crest.swingui.multidimensional.TVLevel" oid="2FFE3783-E3FA-92AA-DC09-46D35BFE1F7F" otype="Level" vid="20196C36-3DF8-FB27-3173-46772A07419D">
<hideElementsInCurrentOnly>false</hideElementsInCurrentOnly>
<bounds x="33" y="859" width="170" height="111"/>
</OView>
<OView class="oracle.dbtools.crest.swingui.multidimensional.TVDimension" oid="32485107-7C09-10B5-2E28-DBF3C2F578BA" otype="Dimension" vid="ED942503-4F9D-8EC2-6843-2249522F44E2">
<hideElementsInCurrentOnly>false</hideElementsInCurrentOnly>
<bounds x="569" y="684" width="80" height="30"/>
</OView>
<OView class="oracle.dbtools.crest.swingui.multidimensional.TVLevel" oid="3E8455D3-A21B-9513-8319-FD9F3D69DEBC" otype="Level" vid="CC88033F-375E-0E52-7B8F-B87B3E6B2312">
<hideElementsInCurrentOnly>false</hideElementsInCurrentOnly>
<bounds x="747" y="581" width="170" height="110"/>
</OView>
<OView class="oracle.dbtools.crest.swingui.multidimensional.TVDimension" oid="40225E76-FCD9-901F-65DE-B09E7957276F" otype="Dimension" vid="33C6B2DB-C0A7-5506-4964-86272FE2079D">
<hideElementsInCurrentOnly>false</hideElementsInCurrentOnly>
<bounds x="240" y="845" width="80" height="31"/>
</OView>
<OView class="oracle.dbtools.crest.swingui.multidimensional.TVLevel" oid="4FBCCF42-43A7-1962-3B44-8EE0AA60A962" otype="Level" vid="37ED1AC8-99E0-8712-A495-4C170844A0A1">
<hideElementsInCurrentOnly>false</hideElementsInCurrentOnly>
<bounds x="31" y="588" width="111" height="61"/>
</OView>
<OView class="oracle.dbtools.crest.swingui.multidimensional.TVDimension" oid="58DAA75A-09A0-D54B-5BA1-25CC260A73A5" otype="Dimension" vid="39F5E5B3-4660-9401-E2ED-B8B38C1D3FC6">
<hideElementsInCurrentOnly>false</hideElementsInCurrentOnly>
<bounds x="415" y="504" width="80" height="30"/>
</OView>
<OView class="oracle.dbtools.crest.swingui.multidimensional.TVLevel" oid="6195EB2B-7070-4992-659A-E9BFB42F7304" otype="Level" vid="AB940562-6A46-9D32-CC79-0F0B219AEFB4">
<hideElementsInCurrentOnly>false</hideElementsInCurrentOnly>
<bounds x="221" y="593" width="170" height="70"/>
</OView>
<OView class="oracle.dbtools.crest.swingui.multidimensional.TVLevel" oid="668EDB27-42CE-FB77-8979-EC6DD8E7DA3B" otype="Level" vid="E55F4CEC-6161-D979-ECC4-C97EF124943E">
<hideElementsInCurrentOnly>false</hideElementsInCurrentOnly>
<bounds x="336" y="864" width="170" height="111"/>
</OView>
<OView class="oracle.dbtools.crest.swingui.multidimensional.TVCube" oid="7531354F-9519-F9D2-7146-78EEBEE9DBA6" otype="Cube" vid="C4FE37B4-C844-B3DE-21F9-D6843DE0B551">
<hideElementsInCurrentOnly>false</hideElementsInCurrentOnly>
<bounds x="557" y="432" width="287" height="126"/>
</OView>
<OView class="oracle.dbtools.crest.swingui.multidimensional.TVLevel" oid="97401288-581E-7371-88C5-8460867C48D8" otype="Level" vid="A021642D-7601-8977-5909-88EE797C6D65">
<hideElementsInCurrentOnly>false</hideElementsInCurrentOnly>
<bounds x="706" y="714" width="170" height="110"/>
</OView>
<OView class="oracle.dbtools.crest.swingui.multidimensional.TVLevel" oid="AC6664D3-5972-23F5-4747-A407CDD422AD" otype="Level" vid="B3CAD0C1-C6A2-16ED-BE53-BCBAF295A90D">
<hideElementsInCurrentOnly>false</hideElementsInCurrentOnly>
<bounds x="493" y="740" width="170" height="110"/>
</OView>
<OView class="oracle.dbtools.crest.swingui.multidimensional.TVDimension" oid="CA45EA79-2E35-83AD-3198-B41ACB66B70F" otype="Dimension" vid="89000142-A313-C243-4E59-95B1ABB55C2C">
<hideElementsInCurrentOnly>false</hideElementsInCurrentOnly>
<bounds x="295" y="730" width="80" height="31"/>
</OView>
<OView class="oracle.dbtools.crest.swingui.multidimensional.TVLevel" oid="D11BCD7E-E3CD-82D7-C776-7ABC14218C2B" otype="Level" vid="BB5FA01F-9FD6-5CDF-C247-18DB32AD138B">
<hideElementsInCurrentOnly>false</hideElementsInCurrentOnly>
<bounds x="572" y="860" width="170" height="111"/>
</OView>
<OView class="oracle.dbtools.crest.swingui.multidimensional.TVLevel" oid="E41AFB8B-8C48-3280-28DE-58075C0DB788" otype="Level" vid="62CB441D-628C-E401-7797-BCEE1FCABECD">
<hideElementsInCurrentOnly>false</hideElementsInCurrentOnly>
<bounds x="224" y="456" width="170" height="110"/>
</OView>
<OView class="oracle.dbtools.crest.swingui.multidimensional.TVLevel" oid="F6AF1686-9247-A2E6-F316-333EBA4248C3" otype="Level" vid="2927FC69-290C-9F14-06BB-A160A7E2E146">
<hideElementsInCurrentOnly>false</hideElementsInCurrentOnly>
<bounds x="26" y="678" width="170" height="111"/>
</OView>
</objectViews>
<connectors>
<Connector class="oracle.dbtools.crest.swingui.multidimensional.TVLink" oid="022ED80F-FD59-8067-EE29-7DA1BDF2F4A4" otype="Link" vid_source="A021642D-7601-8977-5909-88EE797C6D65" vid_target="CC88033F-375E-0E52-7B8F-B87B3E6B2312">
<hideElementsInCurrentOnly>false</hideElementsInCurrentOnly>
<backgroundColor>-16776961</backgroundColor>
<lineWidth>1</lineWidth>
<points>
<point x="811" y="714"/>
<point x="811" y="691"/>
</points>
</Connector>
<Connector class="oracle.dbtools.crest.swingui.multidimensional.TVLink" oid="17A0D1D7-0DAD-A7D6-FBD5-2A513BD3C774" otype="Link" vid_source="AB940562-6A46-9D32-CC79-0F0B219AEFB4" vid_target="37ED1AC8-99E0-8712-A495-4C170844A0A1">
<hideElementsInCurrentOnly>false</hideElementsInCurrentOnly>
<backgroundColor>-16776961</backgroundColor>
<lineWidth>1</lineWidth>
<points>
<point x="221" y="621"/>
<point x="142" y="621"/>
</points>
</Connector>
<Connector class="oracle.dbtools.crest.swingui.multidimensional.TVLink" oid="2E18A28D-DFF0-9BA8-E736-CD19FED4F93D" otype="Link" vid_source="C4FE37B4-C844-B3DE-21F9-D6843DE0B551" vid_target="89000142-A313-C243-4E59-95B1ABB55C2C">
<hideElementsInCurrentOnly>false</hideElementsInCurrentOnly>
<backgroundColor>-16776961</backgroundColor>
<lineWidth>1</lineWidth>
<points>
<point x="608" y="558"/>
<point x="357" y="730"/>
</points>
</Connector>
<Connector class="oracle.dbtools.crest.swingui.multidimensional.TVLink" oid="4C2A3227-3B11-9C6A-10E6-5EFAC04F6DA0" otype="Link" vid_source="C4FE37B4-C844-B3DE-21F9-D6843DE0B551" vid_target="33C6B2DB-C0A7-5506-4964-86272FE2079D">
<hideElementsInCurrentOnly>false</hideElementsInCurrentOnly>
<backgroundColor>-16776961</backgroundColor>
<lineWidth>1</lineWidth>
<points>
<point x="628" y="558"/>
<point x="297" y="845"/>
</points>
</Connector>
<Connector class="oracle.dbtools.crest.swingui.multidimensional.TVLink" oid="52BDBB5A-D6F4-784A-D493-6F379AEA9CCE" otype="Link" vid_source="2927FC69-290C-9F14-06BB-A160A7E2E146" vid_target="20196C36-3DF8-FB27-3173-46772A07419D">
<hideElementsInCurrentOnly>false</hideElementsInCurrentOnly>
<backgroundColor>-16776961</backgroundColor>
<lineWidth>1</lineWidth>
<points>
<point x="114" y="789"/>
<point x="114" y="859"/>
</points>
</Connector>
<Connector class="oracle.dbtools.crest.swingui.multidimensional.TVLink" oid="5F3525B5-F02A-090F-D37C-615032158451" otype="Link" vid_source="C4FE37B4-C844-B3DE-21F9-D6843DE0B551" vid_target="ED942503-4F9D-8EC2-6843-2249522F44E2">
<hideElementsInCurrentOnly>false</hideElementsInCurrentOnly>
<backgroundColor>-16776961</backgroundColor>
<lineWidth>1</lineWidth>
<points>
<point x="594" y="558"/>
<point x="594" y="684"/>
</points>
</Connector>
<Connector class="oracle.dbtools.crest.swingui.multidimensional.TVLink" oid="68532AD4-3813-E2A9-DC15-143FE063F012" otype="Link" vid_source="ED942503-4F9D-8EC2-6843-2249522F44E2" vid_target="B3CAD0C1-C6A2-16ED-BE53-BCBAF295A90D">
<hideElementsInCurrentOnly>false</hideElementsInCurrentOnly>
<backgroundColor>-16776961</backgroundColor>
<lineWidth>1</lineWidth>
<points>
<point x="609" y="714"/>
<point x="609" y="740"/>
</points>
</Connector>
<Connector class="oracle.dbtools.crest.swingui.multidimensional.TVLink" oid="6B569492-66BE-7224-6184-32B28B52C465" otype="Link" vid_source="F2FDB285-3430-B8D8-ED87-A6A95ECC7351" vid_target="37ED1AC8-99E0-8712-A495-4C170844A0A1">
<hideElementsInCurrentOnly>false</hideElementsInCurrentOnly>
<backgroundColor>-16776961</backgroundColor>
<lineWidth>1</lineWidth>
<points>
<point x="86" y="563"/>
<point x="86" y="588"/>
</points>
</Connector>
<Connector class="oracle.dbtools.crest.swingui.multidimensional.TVLink" oid="7A907504-7ADA-73F0-0D65-7DD69210D269" otype="Link" vid_source="89000142-A313-C243-4E59-95B1ABB55C2C" vid_target="2927FC69-290C-9F14-06BB-A160A7E2E146">
<hideElementsInCurrentOnly>false</hideElementsInCurrentOnly>
<backgroundColor>-16776961</backgroundColor>
<lineWidth>1</lineWidth>
<points>
<point x="295" y="745"/>
<point x="196" y="745"/>
</points>
</Connector>
<Connector class="oracle.dbtools.crest.swingui.multidimensional.TVLink" oid="7FA1E30B-F5D5-D486-5353-4453877117F7" otype="Link" vid_source="62CB441D-628C-E401-7797-BCEE1FCABECD" vid_target="AB940562-6A46-9D32-CC79-0F0B219AEFB4">
<hideElementsInCurrentOnly>false</hideElementsInCurrentOnly>
<backgroundColor>-16776961</backgroundColor>
<lineWidth>1</lineWidth>
<points>
<point x="307" y="566"/>
<point x="307" y="593"/>
</points>
</Connector>
<Connector class="oracle.dbtools.crest.swingui.multidimensional.TVLink" oid="8292DB9A-336F-CBB2-436F-37ABBE9969C1" otype="Link" vid_source="C4FE37B4-C844-B3DE-21F9-D6843DE0B551" vid_target="39F5E5B3-4660-9401-E2ED-B8B38C1D3FC6">
<hideElementsInCurrentOnly>false</hideElementsInCurrentOnly>
<backgroundColor>-16776961</backgroundColor>
<lineWidth>1</lineWidth>
<points>
<point x="557" y="519"/>
<point x="495" y="519"/>
</points>
</Connector>
<Connector class="oracle.dbtools.crest.swingui.multidimensional.TVLink" oid="989465BE-7D72-A8A3-5CFF-36ADAE9ACB12" otype="Link" vid_source="B3CAD0C1-C6A2-16ED-BE53-BCBAF295A90D" vid_target="A021642D-7601-8977-5909-88EE797C6D65">
<hideElementsInCurrentOnly>false</hideElementsInCurrentOnly>
<backgroundColor>-16776961</backgroundColor>
<lineWidth>1</lineWidth>
<points>
<point x="663" y="782"/>
<point x="706" y="782"/>
</points>
</Connector>
<Connector class="oracle.dbtools.crest.swingui.multidimensional.TVLink" oid="998E979F-3EFE-53B0-3A01-0D4868C3229C" otype="Link" vid_source="62CB441D-628C-E401-7797-BCEE1FCABECD" vid_target="F2FDB285-3430-B8D8-ED87-A6A95ECC7351">
<hideElementsInCurrentOnly>false</hideElementsInCurrentOnly>
<backgroundColor>-16776961</backgroundColor>
<lineWidth>1</lineWidth>
<points>
<point x="224" y="509"/>
<point x="174" y="509"/>
</points>
</Connector>
<Connector class="oracle.dbtools.crest.swingui.multidimensional.TVLink" oid="B0237A16-7CDF-499A-B61F-D6493A8FD5EB" otype="Link" vid_source="39F5E5B3-4660-9401-E2ED-B8B38C1D3FC6" vid_target="62CB441D-628C-E401-7797-BCEE1FCABECD">
<hideElementsInCurrentOnly>false</hideElementsInCurrentOnly>
<backgroundColor>-16776961</backgroundColor>
<lineWidth>1</lineWidth>
<points>
<point x="415" y="519"/>
<point x="394" y="519"/>
</points>
</Connector>
<Connector class="oracle.dbtools.crest.swingui.multidimensional.TVLink" oid="D82E8C9B-BD02-D31A-216C-030D61D3CB89" otype="Link" vid_source="E55F4CEC-6161-D979-ECC4-C97EF124943E" vid_target="BB5FA01F-9FD6-5CDF-C247-18DB32AD138B">
<hideElementsInCurrentOnly>false</hideElementsInCurrentOnly>
<backgroundColor>-16776961</backgroundColor>
<lineWidth>1</lineWidth>
<points>
<point x="506" y="917"/>
<point x="572" y="917"/>
</points>
</Connector>
<Connector class="oracle.dbtools.crest.swingui.multidimensional.TVLink" oid="F0B33BCC-942D-3D6F-3682-AEEA350D4A49" otype="Link" vid_source="33C6B2DB-C0A7-5506-4964-86272FE2079D" vid_target="E55F4CEC-6161-D979-ECC4-C97EF124943E">
<hideElementsInCurrentOnly>false</hideElementsInCurrentOnly>
<backgroundColor>-16776961</backgroundColor>
<lineWidth>1</lineWidth>
<points>
<point x="320" y="870"/>
<point x="336" y="870"/>
</points>
</Connector>
</connectors>
</Diagram>