<?xml version = '1.0' encoding = 'UTF-8'?>
<FKIndexAssociation class="oracle.dbtools.crest.model.design.relational.FKIndexAssociation" directorySegmentName="seg_0" id="1DA0D7CC-9278-F913-4127-D244E310E47D" containerWithKeyObject="91D577CE-4FC8-5A10-7D35-40A7C3E25320" localFKIndex="E7D91E24-C70D-EAB1-EF05-B068CBA800CC" name="EDCventes_EDCpromotion_FK">
<createdBy>berio</createdBy>
<createdTime>2024-02-06 21:53:20 UTC</createdTime>
<generatorID>1B3571AB-0353-FB03-968E-9C94A809E6E0</generatorID>
<ownerDesignName>pratiqueM12024</ownerDesignName>
<referredTableLongName>EDCpromotion</referredTableLongName>
<deleteRule>NO ACTION</deleteRule>
<referredTableID>64BC6323-B13D-1221-DAFE-EDEC97303479</referredTableID>
<keyObject>61B77C7E-7186-31D5-48F2-62A885B8CF79</keyObject>
<referredKeyID>61B77C7E-7186-31D5-48F2-62A885B8CF79</referredKeyID>
<mandatory>false</mandatory>
<refColNames>idpromo</refColNames>
<transferable>true</transferable>
<rely>false</rely>
<columnDependencyConstraintGenerateInDDL>true</columnDependencyConstraintGenerateInDDL>
</FKIndexAssociation>