<?xml version = '1.0' encoding = 'UTF-8'?>
<FKIndexAssociation class="oracle.dbtools.crest.model.design.relational.FKIndexAssociation" directorySegmentName="seg_0" id="21A9B127-7EB7-BA2F-F4A1-1983EFCDF00D" containerWithKeyObject="A7F19E4A-2DA9-86A0-C397-A2DD4914D403" localFKIndex="310017A7-A6A6-5536-55DC-43979A941D4D" name="EDCproduit_EDCcategorie_FK">
<createdBy>berio</createdBy>
<createdTime>2024-02-06 21:53:20 UTC</createdTime>
<generatorID>F9CD1DEB-9B63-8A43-9F46-81382AAC816A</generatorID>
<ownerDesignName>pratiqueM12024</ownerDesignName>
<referredTableLongName>EDCcategorie</referredTableLongName>
<deleteRule>NO ACTION</deleteRule>
<referredTableID>B8E49698-728B-A7F1-4AA1-42B683EACFF5</referredTableID>
<keyObject>1FF3B655-DC6C-9F98-8080-4586116869A0</keyObject>
<referredKeyID>1FF3B655-DC6C-9F98-8080-4586116869A0</referredKeyID>
<mandatory>true</mandatory>
<refColNames>cid</refColNames>
<transferable>true</transferable>
<rely>false</rely>
<columnDependencyConstraintGenerateInDDL>true</columnDependencyConstraintGenerateInDDL>
</FKIndexAssociation>