<?xml version = '1.0' encoding = 'UTF-8'?>
<FKIndexAssociation class="oracle.dbtools.crest.model.design.relational.FKIndexAssociation" directorySegmentName="seg_0" id="2D4DCF9F-5DCC-C3AF-FB36-B247CCDDAD22" containerWithKeyObject="4C358444-1E2F-3066-448C-472C725CD5F1" localFKIndex="B8A87854-59CA-D742-8B49-3E84A58FD65C" name="EDCclient_EDCville_FK">
<createdBy>berio</createdBy>
<createdTime>2024-02-06 21:53:20 UTC</createdTime>
<generatorID>F0B4C776-B3BB-2D8A-301A-2D0606D7BA7E</generatorID>
<ownerDesignName>pratiqueM12024</ownerDesignName>
<referredTableLongName>EDCville</referredTableLongName>
<deleteRule>NO ACTION</deleteRule>
<referredTableID>C6729314-6EE5-2827-1B39-3E431801EC88</referredTableID>
<keyObject>601030F4-E0DC-D1A2-FFA8-10A470985838</keyObject>
<referredKeyID>601030F4-E0DC-D1A2-FFA8-10A470985838</referredKeyID>
<mandatory>true</mandatory>
<refColNames>id</refColNames>
<transferable>true</transferable>
<rely>false</rely>
<columnDependencyConstraintGenerateInDDL>true</columnDependencyConstraintGenerateInDDL>
</FKIndexAssociation>