<?xml version = '1.0' encoding = 'UTF-8'?>
<FKIndexAssociation class="oracle.dbtools.crest.model.design.relational.FKIndexAssociation" directorySegmentName="seg_0" id="6B4E6661-48D3-A6EE-AF3D-12368508CDAB" containerWithKeyObject="5E316D59-7DE1-F525-5D95-16857DB25592" localFKIndex="017637D9-4AF8-6067-D966-BAE0681723C5" name="EDCpromoproduit_EDCpromotion_FK">
<createdBy>berio</createdBy>
<createdTime>2024-02-06 21:53:20 UTC</createdTime>
<generatorID>34A8FD2C-DE78-39DB-A34E-19F12CE081E6</generatorID>
<ownerDesignName>pratiqueM12024</ownerDesignName>
<referredTableLongName>EDCpromotion</referredTableLongName>
<deleteRule>NO ACTION</deleteRule>
<referredTableID>64BC6323-B13D-1221-DAFE-EDEC97303479</referredTableID>
<keyObject>61B77C7E-7186-31D5-48F2-62A885B8CF79</keyObject>
<referredKeyID>61B77C7E-7186-31D5-48F2-62A885B8CF79</referredKeyID>
<mandatory>true</mandatory>
<refColNames>idpromo</refColNames>
<transferable>true</transferable>
<rely>false</rely>
<columnDependencyConstraintGenerateInDDL>true</columnDependencyConstraintGenerateInDDL>
</FKIndexAssociation>