<?xml version="1.0" encoding="UTF-8"?> 

<!-- le répertoire de Dupond -->
<rep:repertoire creation="2014-12-01"
    xmlns:rep="http://www.mi.parisdescartes.fr/~pary">
	<rep:proprietaire>Louis Dupond</rep:proprietaire>
	<rep:entree>
		<rep:nom>Durand</rep:nom>
		<rep:telephone>0323425342</rep:telephone>
	</rep:entree>
	<rep:entree>
		<rep:nom>Marie</rep:nom>
		<rep:telephone>0987654321</rep:telephone>
	</rep:entree>
	<rep:entree>
		<rep:nom>Jean</rep:nom>
		<rep:telephone>0123456789</rep:telephone>
	</rep:entree>
</rep:repertoire>

