<?xml version = '1.0' encoding = 'UTF-8'?>
<FKIndexAssociation class="oracle.dbtools.crest.model.design.relational.FKIndexAssociation" directorySegmentName="seg_0" id="1A0191B5-5847-6043-4020-703D27FA1D94" containerWithKeyObject="8B56111A-C11D-5C93-BB9C-AB5B7E1BFF96" localFKIndex="501AF646-1341-7674-3388-1DC7AB688E82" name="sale_product_FK">
<createdBy>proua</createdBy>
<createdTime>2023-04-13 14:57:15 UTC</createdTime>
<ownerDesignName>MetroStarlet</ownerDesignName>
<referredTableLongName>product</referredTableLongName>
<deleteRule>NO ACTION</deleteRule>
<referredTableID>2AA91BA1-4422-065C-D89B-33F6CB669451</referredTableID>
<keyObject>38D1F9E4-3DFE-2C12-5020-46AFE6AD471F</keyObject>
<referredKeyID>38D1F9E4-3DFE-2C12-5020-46AFE6AD471F</referredKeyID>
<mandatory>true</mandatory>
<refColNames>product_id</refColNames>
<transferable>true</transferable>
<rely>false</rely>
<columnDependencyConstraintGenerateInDDL>true</columnDependencyConstraintGenerateInDDL>
</FKIndexAssociation>