<?xml version = '1.0' encoding = 'UTF-8'?>
<FKIndexAssociation class="oracle.dbtools.crest.model.design.relational.FKIndexAssociation" directorySegmentName="seg_0" id="57F5DC2E-D558-0C37-671C-1831BA8C37D7" containerWithKeyObject="2AA91BA1-4422-065C-D89B-33F6CB669451" localFKIndex="447773C6-946B-49D4-C658-89E3B0DD2DEC" name="product_movie_FK">
<createdBy>proua</createdBy>
<createdTime>2023-04-13 15:00:24 UTC</createdTime>
<ownerDesignName>MetroStarlet</ownerDesignName>
<referredTableLongName>movie</referredTableLongName>
<deleteRule>NO ACTION</deleteRule>
<referredTableID>6ECDBA2B-B48A-716C-19F5-0C501E3E9737</referredTableID>
<keyObject>B8CDA95E-30F1-7DD5-C774-E382C4A2BA61</keyObject>
<referredKeyID>B8CDA95E-30F1-7DD5-C774-E382C4A2BA61</referredKeyID>
<mandatory>false</mandatory>
<refColNames>movie_id</refColNames>
<transferable>true</transferable>
<rely>false</rely>
<columnDependencyConstraintGenerateInDDL>true</columnDependencyConstraintGenerateInDDL>
</FKIndexAssociation>