<?xml version = '1.0' encoding = 'UTF-8'?>
<FKIndexAssociation class="oracle.dbtools.crest.model.design.relational.FKIndexAssociation" directorySegmentName="seg_0" id="6ADD729A-EF18-DE61-1E7B-BD608D48CFC7" containerWithKeyObject="466D2169-DBE2-7508-3DD5-28B181C01AA8" localFKIndex="ACA753AC-860A-3AF9-F204-81BCD84B6700" name="acts_in_movie_FK">
<createdBy>proua</createdBy>
<createdTime>2023-04-13 16:35:59 UTC</createdTime>
<ownerDesignName>MetroStarlet</ownerDesignName>
<referredTableLongName>movie</referredTableLongName>
<deleteRule>NO ACTION</deleteRule>
<referredTableID>6ECDBA2B-B48A-716C-19F5-0C501E3E9737</referredTableID>
<keyObject>B8CDA95E-30F1-7DD5-C774-E382C4A2BA61</keyObject>
<referredKeyID>B8CDA95E-30F1-7DD5-C774-E382C4A2BA61</referredKeyID>
<mandatory>true</mandatory>
<refColNames>movie_id</refColNames>
<transferable>true</transferable>
<rely>false</rely>
<columnDependencyConstraintGenerateInDDL>true</columnDependencyConstraintGenerateInDDL>
</FKIndexAssociation>