<?xml version = '1.0' encoding = 'UTF-8'?>
<Level class="oracle.dbtools.crest.model.design.multidimensional.Level" name="produit" directorySegmentName="seg_0" id="1DA323AD-7F2E-3421-4213-95B64A896016">
<createdBy>berio</createdBy>
<createdTime>2024-01-31 13:01:14 UTC</createdTime>
<ownerDesignName>modele1</ownerDesignName>
<nameInOracleAW>PRODUIT</nameInOracleAW>
<levelEntity>DA9510A5-3A4F-D058-9174-0BB7130F1C20</levelEntity>
<rootIdentification>ParentIsBlankSelfOrMissing</rootIdentification>
<valueBasedHierarchy>false</valueBasedHierarchy>
<oraAWAttributes class="oracle.dbtools.crest.model.design.multidimensional.Level$OraAWAttributes">
</oraAWAttributes>
<levelKey>
<attribute>FF9A0F00-277E-A0A7-7F91-E4C2DF475582</attribute>
</levelKey>
</Level>