<?xml version = '1.0' encoding = 'UTF-8'?>
<relationalModel class="oracle.dbtools.crest.model.design.relational.RelationalDesign" name="Relational_1(2)" id="E26A3B00-6B63-7D52-7246-D7188E802CBC" mainViewID="6E4B6F7E-E13F-E33A-3500-7FED79FC65D4">
<createdBy>proua</createdBy>
<createdTime>2023-04-13 16:20:02 UTC</createdTime>
<ownerDesignName>BuckBoaster</ownerDesignName>
<shouldBeOpen>true</shouldBeOpen>
<selectedRDBMSSite>32076570-2523-435C-2E92-BF29817DFF70</selectedRDBMSSite>
</relationalModel>