<?xml version = '1.0' encoding = 'UTF-8'?>
<Relation class="oracle.dbtools.crest.model.design.logical.Relation" name="EDCventes_EDCproduit_FK" directorySegmentName="seg_0" id="181D23FA-C7CF-1ACA-54A3-12B2AA3A9B15">
<createdBy>berio</createdBy>
<createdTime>2024-02-07 12:08:39 UTC</createdTime>
<generatorID>CEBEAFD2-0BEE-58CA-AAC4-B2FF6EA0525F</generatorID>
<ownerDesignName>pratiqueM12024MDM</ownerDesignName>
<engineerTo>
<item key="908EC7A8-79C9-4037-F10B-84DB664FAB1A" value="true"/>
</engineerTo>
<sourcePk>426C5CB8-874D-7306-9580-4724F0BBC2CE</sourcePk>
<identifying>false</identifying>
<optionalSource>true</optionalSource>
<optionalTarget>false</optionalTarget>
<sourceCardinality>1</sourceCardinality>
<sourceEntity>BEA194EF-9E97-E7B7-1FAA-1F0E2DB03678</sourceEntity>
<targetCardinalityString>*</targetCardinalityString>
<targetEntity>9143943A-29C4-09E1-8972-08AB139BDC32</targetEntity>
<transferable>true</transferable>
<deleteRule>NO ACTION</deleteRule>
</Relation>