<?xml version = '1.0' encoding = 'UTF-8'?>
<Relation class="oracle.dbtools.crest.model.design.logical.Relation" name="EDCventes_EDCcommande_FK" directorySegmentName="seg_0" id="1EB4799E-2CC8-79A3-F44A-7C3366F27E00">
<createdBy>berio</createdBy>
<createdTime>2024-02-07 12:08:39 UTC</createdTime>
<generatorID>80FCC99A-A34D-8CE4-3CCF-2E2B2AE90F15</generatorID>
<ownerDesignName>pratiqueM12024MDM</ownerDesignName>
<engineerTo>
<item key="908EC7A8-79C9-4037-F10B-84DB664FAB1A" value="true"/>
</engineerTo>
<sourcePk>BA5E6BA6-D217-BAFE-B2C1-77E4BFADF57F</sourcePk>
<identifying>true</identifying>
<optionalSource>true</optionalSource>
<optionalTarget>false</optionalTarget>
<sourceCardinality>1</sourceCardinality>
<sourceEntity>F9EF6767-AC48-C294-A3AA-F0FE1FDC8674</sourceEntity>
<targetCardinalityString>*</targetCardinalityString>
<targetEntity>9143943A-29C4-09E1-8972-08AB139BDC32</targetEntity>
<transferable>true</transferable>
<deleteRule>NO ACTION</deleteRule>
</Relation>