<?xml version = '1.0' encoding = 'UTF-8'?>
<Relation class="oracle.dbtools.crest.model.design.logical.Relation" name="EDCventes_EDCmagasin_FK" directorySegmentName="seg_0" id="68CDCF6E-589D-3DF4-34FD-D7F9AEE9F387">
<createdBy>berio</createdBy>
<createdTime>2024-02-07 12:08:39 UTC</createdTime>
<generatorID>E0326C15-D3EE-8466-2AB1-325829B14F16</generatorID>
<ownerDesignName>pratiqueM12024MDM</ownerDesignName>
<engineerTo>
<item key="908EC7A8-79C9-4037-F10B-84DB664FAB1A" value="true"/>
</engineerTo>
<sourcePk>47E1052F-7E21-0EA7-E707-A4D519FD74A4</sourcePk>
<identifying>false</identifying>
<optionalSource>true</optionalSource>
<optionalTarget>false</optionalTarget>
<sourceCardinality>1</sourceCardinality>
<sourceEntity>ED1A530C-1D7E-67E9-84E3-A67B5E27D58A</sourceEntity>
<targetCardinalityString>*</targetCardinalityString>
<targetEntity>9143943A-29C4-09E1-8972-08AB139BDC32</targetEntity>
<transferable>true</transferable>
<deleteRule>NO ACTION</deleteRule>
</Relation>