<?xml version = '1.0' encoding = 'UTF-8'?>
<Relation class="oracle.dbtools.crest.model.design.logical.Relation" name="EDCcommande_EDCclient_FK" directorySegmentName="seg_0" id="71EC0EAD-619D-3799-8CBF-705CEB55B7BE">
<createdBy>berio</createdBy>
<createdTime>2024-02-07 12:08:39 UTC</createdTime>
<generatorID>0B67607B-80C4-748A-8840-D15E55CC0A46</generatorID>
<ownerDesignName>pratiqueM12024MDM</ownerDesignName>
<engineerTo>
<item key="908EC7A8-79C9-4037-F10B-84DB664FAB1A" value="true"/>
</engineerTo>
<sourcePk>40D0D336-1E9E-518F-5942-30AAFA68BF65</sourcePk>
<identifying>false</identifying>
<optionalSource>true</optionalSource>
<optionalTarget>false</optionalTarget>
<sourceCardinality>1</sourceCardinality>
<sourceEntity>9546E25F-38D0-0D17-5B78-8DD2AFDCCD16</sourceEntity>
<targetCardinalityString>*</targetCardinalityString>
<targetEntity>F9EF6767-AC48-C294-A3AA-F0FE1FDC8674</targetEntity>
<transferable>true</transferable>
<deleteRule>NO ACTION</deleteRule>
</Relation>