<?xml version = '1.0' encoding = 'UTF-8'?>
<Hierarchy class="oracle.dbtools.crest.model.design.multidimensional.Hierarchy" name="Hierarchy_4" directorySegmentName="seg_0" id="6833D319-39D1-4C62-8FA8-E64EF9F3659F">
<createdBy>berio</createdBy>
<createdTime>2024-02-07 13:15:51 UTC</createdTime>
<ownerDesignName>pratiqueM12024MDM</ownerDesignName>
<nameInOracleAW>HIERARCHY_4</nameInOracleAW>
<defaultHierarchy>false</defaultHierarchy>
<linkToDimension>B0237A16-7CDF-499A-B61F-D6493A8FD5EB</linkToDimension>
<usedLevels>
<usedLevel>E41AFB8B-8C48-3280-28DE-58075C0DB788</usedLevel>
<usedLevel>6195EB2B-7070-4992-659A-E9BFB42F7304</usedLevel>
<usedLevel>4FBCCF42-43A7-1962-3B44-8EE0AA60A962</usedLevel>
</usedLevels>
<usedRULinks>
<usedLink>0B139033-14DF-9BBA-E943-D15116E153F6</usedLink>
<usedLink>308E902F-B7DF-9BF7-C6B8-CADC96629F87</usedLink>
</usedRULinks>
</Hierarchy>