<?xml version = '1.0' encoding = 'UTF-8'?>
<Hierarchy class="oracle.dbtools.crest.model.design.multidimensional.Hierarchy" name="Hierarchy_5" directorySegmentName="seg_0" id="97B7AB86-801C-CF69-50DE-89D4AD0B990B">
<createdBy>berio</createdBy>
<createdTime>2024-02-07 13:18:37 UTC</createdTime>
<ownerDesignName>pratiqueM12024MDM</ownerDesignName>
<nameInOracleAW>HIERARCHY_5</nameInOracleAW>
<defaultHierarchy>true</defaultHierarchy>
<linkToDimension>68532AD4-3813-E2A9-DC15-143FE063F012</linkToDimension>
<usedLevels>
<usedLevel>AC6664D3-5972-23F5-4747-A407CDD422AD</usedLevel>
<usedLevel>97401288-581E-7371-88C5-8460867C48D8</usedLevel>
<usedLevel>3E8455D3-A21B-9513-8319-FD9F3D69DEBC</usedLevel>
</usedLevels>
<usedRULinks>
<usedLink>E5E2C9F2-E7CB-C19B-7C99-FB67C7B45A04</usedLink>
<usedLink>A9D4473B-5EFB-096F-36E9-ECD80AE61652</usedLink>
</usedRULinks>
</Hierarchy>