<?xml version = '1.0' encoding = 'UTF-8'?>
<RollupLink class="oracle.dbtools.crest.model.design.multidimensional.RollupLink" name="RollupLink_4" directorySegmentName="seg_0" id="25CA1F0B-6FFB-0DBF-07F6-EAE996225F6D">
<createdBy>berio</createdBy>
<createdTime>2024-01-31 13:06:50 UTC</createdTime>
<ownerDesignName>modele1</ownerDesignName>
<nameInOracleAW>ROLLUPLINK_4</nameInOracleAW>
<childLevel>30403E80-33DF-D601-4CEE-0EBB98288CFA</childLevel>
<defaultAggregationOperator>SUM</defaultAggregationOperator>
<parentLevel>5DFBA1A0-EBF5-AF7A-47A9-C7AF3BCC17DA</parentLevel>
<rolePlaying>false</rolePlaying>
<sparseDimension>false</sparseDimension>
<link class="oracle.dbtools.crest.model.design.multidimensional.Link" name="Link_4" id="31BC0793-C7B6-7CAF-3409-53DC66AFC76B">
<createdBy>berio</createdBy>
<createdTime>2024-01-31 13:06:50 UTC</createdTime>
<ownerDesignName>modele1</ownerDesignName>
<nameInOracleAW>LINK_4</nameInOracleAW>
<rollupLink>25CA1F0B-6FFB-0DBF-07F6-EAE996225F6D</rollupLink>
<sourceMDObject>30403E80-33DF-D601-4CEE-0EBB98288CFA</sourceMDObject>
<targetMDObject>5DFBA1A0-EBF5-AF7A-47A9-C7AF3BCC17DA</targetMDObject>
</link>
</RollupLink>