<?xml version = '1.0' encoding = 'UTF-8'?>
<RollupLink class="oracle.dbtools.crest.model.design.multidimensional.RollupLink" name="RollupLink_7" directorySegmentName="seg_0" id="2C00BBFA-E063-81A4-9E19-7973536862FF">
<createdBy>berio</createdBy>
<createdTime>2024-01-31 13:18:16 UTC</createdTime>
<ownerDesignName>modele1</ownerDesignName>
<nameInOracleAW>ROLLUPLINK_7</nameInOracleAW>
<childLevel>D440DDDE-ECA1-1118-0120-2BD6A42C7F3C</childLevel>
<defaultAggregationOperator>SUM</defaultAggregationOperator>
<parentLevel>631011AC-1DCA-00BA-9BE8-4339DCD08D1A</parentLevel>
<rolePlaying>false</rolePlaying>
<sparseDimension>false</sparseDimension>
<link class="oracle.dbtools.crest.model.design.multidimensional.Link" name="Link_7" id="B580CBA1-92E0-AFF6-E2A8-FC23F0D7A397">
<createdBy>berio</createdBy>
<createdTime>2024-01-31 13:18:16 UTC</createdTime>
<ownerDesignName>modele1</ownerDesignName>
<nameInOracleAW>LINK_7</nameInOracleAW>
<rollupLink>2C00BBFA-E063-81A4-9E19-7973536862FF</rollupLink>
<sourceMDObject>D440DDDE-ECA1-1118-0120-2BD6A42C7F3C</sourceMDObject>
<targetMDObject>631011AC-1DCA-00BA-9BE8-4339DCD08D1A</targetMDObject>
</link>
</RollupLink>