<?xml version = '1.0' encoding = 'UTF-8'?>
<RollupLink class="oracle.dbtools.crest.model.design.multidimensional.RollupLink" name="RollupLink_5" directorySegmentName="seg_0" id="7D74726C-F051-09E4-2E8B-3B97954B4C53">
<createdBy>berio</createdBy>
<createdTime>2024-01-31 13:08:16 UTC</createdTime>
<ownerDesignName>modele1</ownerDesignName>
<nameInOracleAW>ROLLUPLINK_5</nameInOracleAW>
<childLevel>6A66200F-3328-3A17-DB14-3D1E899E79A7</childLevel>
<defaultAggregationOperator>SUM</defaultAggregationOperator>
<factEntity>DA9510A5-3A4F-D058-9174-0BB7130F1C20</factEntity>
<parentLevel>62148476-83F7-84FA-F9B9-37103F2B3413</parentLevel>
<rolePlaying>false</rolePlaying>
<sparseDimension>false</sparseDimension>
<link class="oracle.dbtools.crest.model.design.multidimensional.Link" name="Link_5" id="2CEE011D-C9DE-CB69-20D1-3C17FE9C116C">
<createdBy>berio</createdBy>
<createdTime>2024-01-31 13:08:16 UTC</createdTime>
<ownerDesignName>modele1</ownerDesignName>
<nameInOracleAW>LINK_5</nameInOracleAW>
<rollupLink>7D74726C-F051-09E4-2E8B-3B97954B4C53</rollupLink>
<sourceMDObject>6A66200F-3328-3A17-DB14-3D1E899E79A7</sourceMDObject>
<targetMDObject>62148476-83F7-84FA-F9B9-37103F2B3413</targetMDObject>
</link>
</RollupLink>