<?xml version = '1.0' encoding = 'UTF-8'?>
<RollupLink class="oracle.dbtools.crest.model.design.multidimensional.RollupLink" name="RollupLink_1" directorySegmentName="seg_0" id="AEDDBC19-DF18-2FC2-0181-054FF4B69C71">
<createdBy>berio</createdBy>
<createdTime>2024-01-31 13:00:13 UTC</createdTime>
<ownerDesignName>modele1</ownerDesignName>
<nameInOracleAW>ROLLUPLINK_1</nameInOracleAW>
<childLevel>6A66200F-3328-3A17-DB14-3D1E899E79A7</childLevel>
<defaultAggregationOperator>SUM</defaultAggregationOperator>
<factEntity>DA9510A5-3A4F-D058-9174-0BB7130F1C20</factEntity>
<parentLevel>32C6C1F7-FB3F-41F2-F78A-BAD41357664B</parentLevel>
<rolePlaying>false</rolePlaying>
<sparseDimension>false</sparseDimension>
<link class="oracle.dbtools.crest.model.design.multidimensional.Link" name="Link_1" id="802D3ACA-D627-6A7C-325F-4A420EECD077">
<createdBy>berio</createdBy>
<createdTime>2024-01-31 13:00:13 UTC</createdTime>
<ownerDesignName>modele1</ownerDesignName>
<nameInOracleAW>LINK_1</nameInOracleAW>
<rollupLink>AEDDBC19-DF18-2FC2-0181-054FF4B69C71</rollupLink>
<sourceMDObject>6A66200F-3328-3A17-DB14-3D1E899E79A7</sourceMDObject>
<targetMDObject>32C6C1F7-FB3F-41F2-F78A-BAD41357664B</targetMDObject>
</link>
</RollupLink>