<?xml version = '1.0' encoding = 'UTF-8'?>
<Table class="oracle.dbtools.crest.model.design.relational.Table" directorySegmentName="seg_0" id="4C358444-1E2F-3066-448C-472C725CD5F1" name="EDCclient">
<createdBy>berio</createdBy>
<createdTime>2024-02-06 21:53:20 UTC</createdTime>
<generatorID>52E141FA-4489-D704-FC28-A0DF7FA47A4D</generatorID>
<ownerDesignName>pratiqueM12024MDM</ownerDesignName>
<typeID>2</typeID>
<allowColumnReorder>false</allowColumnReorder>
<existDependencyGenerateInDDl>true</existDependencyGenerateInDDl>
<parsed>true</parsed>
<columns itemClass="oracle.dbtools.crest.model.design.relational.Column">
<Column name="nom" id="375DD03D-6C9B-B9AC-2C17-934EA0EB2189">
<createdBy>berio</createdBy>
<createdTime>2024-02-06 21:53:20 UTC</createdTime>
<generatorID>F0841A53-6511-423B-5FB1-95002B2084BA</generatorID>
<ownerDesignName>pratiqueM12024MDM</ownerDesignName>
<use>0</use>
<logicalDatatype>LOGDT024</logicalDatatype>
<domain>CAB432AB-8FAB-4339-9308-B4EDBD1B727C</domain>
<ownDataTypeParameters>,,</ownDataTypeParameters>
<autoIncrementCycle>false</autoIncrementCycle>
</Column>
<Column name="prénom" id="4C4985FA-86D4-D016-4F27-28480BE8F070">
<createdBy>berio</createdBy>
<createdTime>2024-02-06 21:53:20 UTC</createdTime>
<generatorID>8539C833-B898-CA80-F4DD-5D1357D15BD9</generatorID>
<ownerDesignName>pratiqueM12024MDM</ownerDesignName>
<use>0</use>
<logicalDatatype>LOGDT024</logicalDatatype>
<domain>CAB432AB-8FAB-4339-9308-B4EDBD1B727C</domain>
<ownDataTypeParameters>,,</ownDataTypeParameters>
<autoIncrementCycle>false</autoIncrementCycle>
</Column>
<Column name="id" id="721ED30E-4C39-2A29-C2C7-266816CAE82F">
<createdBy>berio</createdBy>
<createdTime>2024-02-06 21:53:20 UTC</createdTime>
<generatorID>AA9047A6-6C1B-9BDD-8FDB-4E79813CE5DF</generatorID>
<ownerDesignName>pratiqueM12024MDM</ownerDesignName>
<use>0</use>
<logicalDatatype>LOGDT019</logicalDatatype>
<domain>98B5AA09-2C1D-C96B-4352-63D4DB126EFD</domain>
<ownDataTypeParameters>,,</ownDataTypeParameters>
<autoIncrementCycle>false</autoIncrementCycle>
</Column>
<Column name="EDCville_id" id="0EEA3468-7B4C-8FC0-9224-4DDA43A9372F">
<createdBy>berio</createdBy>
<createdTime>2024-02-06 21:53:20 UTC</createdTime>
<generatorID>B82B793C-1EC6-2952-5F37-FC0D1526258A</generatorID>
<ownerDesignName>pratiqueM12024MDM</ownerDesignName>
<use>0</use>
<logicalDatatype>LOGDT019</logicalDatatype>
<domain>98B5AA09-2C1D-C96B-4352-63D4DB126EFD</domain>
<ownDataTypeParameters>,,</ownDataTypeParameters>
<previousColumn>false</previousColumn>
<autoIncrementCycle>false</autoIncrementCycle>
<associations>
<colAssociation fkAssociation="2D4DCF9F-5DCC-C3AF-FB36-B247CCDDAD22" referredColumn="84FDD60F-FB98-0B3F-E1A6-10C4B05EBDE8"/>
</associations>
</Column>
</columns>
<indexes itemClass="oracle.dbtools.crest.model.design.relational.Index">
<ind_PK_UK id="D92B1333-16C8-3818-D8FB-3F943664F463" name="EDCclient_PK">
<createdBy>berio</createdBy>
<createdTime>2024-02-06 21:53:20 UTC</createdTime>
<generatorID>71D2C5E8-0330-52FA-558A-8672C30B35C0</generatorID>
<ownerDesignName>pratiqueM12024MDM</ownerDesignName>
<pk>true</pk>
<indexState>Primary Constraint</indexState>
<isSurrogateKey>false</isSurrogateKey>
<indexColumnUsage>
<colUsage columnID="721ED30E-4C39-2A29-C2C7-266816CAE82F"/>
</indexColumnUsage>
</ind_PK_UK>
<ind_PK_UK id="B8A87854-59CA-D742-8B49-3E84A58FD65C" name="EDCclient_EDCville_FK">
<createdBy>berio</createdBy>
<createdTime>2024-02-06 21:53:20 UTC</createdTime>
<generatorID>F0B4C776-B3BB-2D8A-301A-2D0606D7BA7E</generatorID>
<ownerDesignName>pratiqueM12024MDM</ownerDesignName>
<indexState>Foreign Key</indexState>
<isSurrogateKey>false</isSurrogateKey>
<indexColumnUsage>
<colUsage columnID="0EEA3468-7B4C-8FC0-9224-4DDA43A9372F"/>
</indexColumnUsage>
</ind_PK_UK>
</indexes>
</Table>