<?xml version = '1.0' encoding = 'UTF-8'?>
<Table class="oracle.dbtools.crest.model.design.relational.Table" directorySegmentName="seg_0" id="A7F19E4A-2DA9-86A0-C397-A2DD4914D403" name="EDCproduit">
<createdBy>berio</createdBy>
<createdTime>2024-02-06 21:53:20 UTC</createdTime>
<generatorID>563864FB-AE16-535E-4CC0-E56241BB5DA8</generatorID>
<ownerDesignName>pratiqueM12024MDM</ownerDesignName>
<typeID>2</typeID>
<allowColumnReorder>false</allowColumnReorder>
<existDependencyGenerateInDDl>true</existDependencyGenerateInDDl>
<parsed>true</parsed>
<columns itemClass="oracle.dbtools.crest.model.design.relational.Column">
<Column name="pid" id="A0B9BCF2-464F-28C5-ACD7-25EA9381EBB1">
<createdBy>berio</createdBy>
<createdTime>2024-02-06 21:53:20 UTC</createdTime>
<generatorID>EABAA8BE-2AA7-33AB-E6EE-2AD93254C00E</generatorID>
<ownerDesignName>pratiqueM12024MDM</ownerDesignName>
<use>0</use>
<logicalDatatype>LOGDT019</logicalDatatype>
<domain>98B5AA09-2C1D-C96B-4352-63D4DB126EFD</domain>
<ownDataTypeParameters>,,</ownDataTypeParameters>
<autoIncrementCycle>false</autoIncrementCycle>
</Column>
<Column name="EDCcategorie_cid" id="0CAE80B3-E765-D926-99B2-006EF8FBD252">
<createdBy>berio</createdBy>
<createdTime>2024-02-06 21:53:20 UTC</createdTime>
<generatorID>59F08DD9-468D-6BE3-47FB-9692DF29931D</generatorID>
<ownerDesignName>pratiqueM12024MDM</ownerDesignName>
<use>0</use>
<logicalDatatype>LOGDT019</logicalDatatype>
<domain>98B5AA09-2C1D-C96B-4352-63D4DB126EFD</domain>
<ownDataTypeParameters>,,</ownDataTypeParameters>
<previousColumn>false</previousColumn>
<autoIncrementCycle>false</autoIncrementCycle>
<associations>
<colAssociation fkAssociation="21A9B127-7EB7-BA2F-F4A1-1983EFCDF00D" referredColumn="5F044D79-442D-8F77-5A35-1B5EE1CD03E1"/>
</associations>
</Column>
<Column name="prix_conseille" id="30624063-6AEE-4A08-A463-849C22D7596A">
<createdBy>berio</createdBy>
<createdTime>2024-02-06 21:53:20 UTC</createdTime>
<generatorID>93962626-3B40-BDF5-1312-F4DB6D99AE5E</generatorID>
<ownerDesignName>pratiqueM12024MDM</ownerDesignName>
<useDomainConstraints>false</useDomainConstraints>
<use>1</use>
<logicalDatatype>LOGDT019</logicalDatatype>
<ownDataTypeParameters>,,</ownDataTypeParameters>
<autoIncrementCycle>false</autoIncrementCycle>
</Column>
<Column name="datedc" id="F8FE9D24-3E68-1359-76D6-D6EC07EE20D5">
<createdBy>berio</createdBy>
<createdTime>2024-02-06 21:53:20 UTC</createdTime>
<generatorID>7886D41D-5244-C4F5-660E-5586A5E6866E</generatorID>
<ownerDesignName>pratiqueM12024MDM</ownerDesignName>
<useDomainConstraints>false</useDomainConstraints>
<use>1</use>
<logicalDatatype>LOGDT007</logicalDatatype>
<ownDataTypeParameters>,,</ownDataTypeParameters>
<autoIncrementCycle>false</autoIncrementCycle>
</Column>
<Column name="datefc" id="2BA4F3A3-7DFC-0F4D-8814-15594126E231">
<createdBy>berio</createdBy>
<createdTime>2024-02-06 21:53:20 UTC</createdTime>
<generatorID>85641A6C-3061-3046-0E8F-3721B91B30BE</generatorID>
<ownerDesignName>pratiqueM12024MDM</ownerDesignName>
<nullsAllowed>true</nullsAllowed>
<useDomainConstraints>false</useDomainConstraints>
<use>1</use>
<logicalDatatype>LOGDT007</logicalDatatype>
<ownDataTypeParameters>,,</ownDataTypeParameters>
<autoIncrementCycle>false</autoIncrementCycle>
</Column>
</columns>
<indexes itemClass="oracle.dbtools.crest.model.design.relational.Index">
<ind_PK_UK id="9EAEB640-B715-6D81-6228-766C01EC39B5" name="EDCproduit_PK">
<createdBy>berio</createdBy>
<createdTime>2024-02-06 21:53:20 UTC</createdTime>
<generatorID>9A2AA071-111C-9CF0-1A8F-A0A6066D5D92</generatorID>
<ownerDesignName>pratiqueM12024MDM</ownerDesignName>
<pk>true</pk>
<indexState>Primary Constraint</indexState>
<isSurrogateKey>false</isSurrogateKey>
<indexColumnUsage>
<colUsage columnID="A0B9BCF2-464F-28C5-ACD7-25EA9381EBB1"/>
</indexColumnUsage>
</ind_PK_UK>
<ind_PK_UK id="310017A7-A6A6-5536-55DC-43979A941D4D" name="EDCproduit_EDCcategorie_FK">
<createdBy>berio</createdBy>
<createdTime>2024-02-06 21:53:20 UTC</createdTime>
<generatorID>F9CD1DEB-9B63-8A43-9F46-81382AAC816A</generatorID>
<ownerDesignName>pratiqueM12024MDM</ownerDesignName>
<indexState>Foreign Key</indexState>
<isSurrogateKey>false</isSurrogateKey>
<indexColumnUsage>
<colUsage columnID="0CAE80B3-E765-D926-99B2-006EF8FBD252"/>
</indexColumnUsage>
</ind_PK_UK>
</indexes>
</Table>