<?xml version = '1.0' encoding = 'UTF-8'?>
<Table class="oracle.dbtools.crest.model.design.relational.Table" directorySegmentName="seg_0" id="FEA7E012-418B-731D-A0DB-490A8474E872" name="EDCmagasin">
<createdBy>berio</createdBy>
<createdTime>2024-02-06 21:53:20 UTC</createdTime>
<generatorID>8C489B4F-BDB8-7DAD-C727-D8887F8FEA8A</generatorID>
<ownerDesignName>pratiqueM12024MDM</ownerDesignName>
<allowColumnReorder>false</allowColumnReorder>
<existDependencyGenerateInDDl>true</existDependencyGenerateInDDl>
<parsed>true</parsed>
<columns itemClass="oracle.dbtools.crest.model.design.relational.Column">
<Column name="idmag" id="E33697D5-17E6-D37E-B0F4-0FB06C79115C">
<createdBy>berio</createdBy>
<createdTime>2024-02-06 21:53:20 UTC</createdTime>
<generatorID>D04A0C6A-1AB1-1B41-648A-521BB66B1720</generatorID>
<ownerDesignName>pratiqueM12024MDM</ownerDesignName>
<useDomainConstraints>false</useDomainConstraints>
<use>1</use>
<logicalDatatype>LOGDT019</logicalDatatype>
<ownDataTypeParameters>,,</ownDataTypeParameters>
<autoIncrementCycle>false</autoIncrementCycle>
</Column>
<Column name="ville-dep-region-etat" id="8D9548DB-5448-FA1A-D029-F46B734E359C">
<createdBy>berio</createdBy>
<createdTime>2024-02-06 21:53:20 UTC</createdTime>
<generatorID>777A474B-8BCB-1810-A6EA-E527FC5C784D</generatorID>
<ownerDesignName>pratiqueM12024MDM</ownerDesignName>
<useDomainConstraints>false</useDomainConstraints>
<use>1</use>
<logicalDatatype>LOGDT024</logicalDatatype>
<dataTypeSize>80</dataTypeSize>
<ownDataTypeParameters>80,,</ownDataTypeParameters>
<autoIncrementCycle>false</autoIncrementCycle>
</Column>
<Column name="zonevente" id="05630CED-C26A-CB42-D800-547EF358CB43">
<createdBy>berio</createdBy>
<createdTime>2024-02-06 21:53:20 UTC</createdTime>
<generatorID>25BF86BD-3CA7-51FD-C98E-576223E321F4</generatorID>
<ownerDesignName>pratiqueM12024MDM</ownerDesignName>
<useDomainConstraints>false</useDomainConstraints>
<use>1</use>
<logicalDatatype>LOGDT024</logicalDatatype>
<dataTypeSize>5</dataTypeSize>
<ownDataTypeParameters>5,,</ownDataTypeParameters>
<autoIncrementCycle>false</autoIncrementCycle>
</Column>
<Column name="manager" id="18A8EA2C-DE22-B1E8-8731-E91E68FEA3B6">
<createdBy>berio</createdBy>
<createdTime>2024-02-06 21:53:20 UTC</createdTime>
<generatorID>CA98B5F5-4572-324A-0AB2-98B2EA31FD1A</generatorID>
<ownerDesignName>pratiqueM12024MDM</ownerDesignName>
<useDomainConstraints>false</useDomainConstraints>
<use>1</use>
<logicalDatatype>LOGDT024</logicalDatatype>
<dataTypeSize>30</dataTypeSize>
<ownDataTypeParameters>30,,</ownDataTypeParameters>
<autoIncrementCycle>false</autoIncrementCycle>
</Column>
<Column name="tel" id="348E6427-7E86-20AF-6977-B9F9D998C2C6">
<createdBy>berio</createdBy>
<createdTime>2024-02-06 21:53:20 UTC</createdTime>
<generatorID>6A5F7074-3258-3137-2A28-AD7F7A989592</generatorID>
<ownerDesignName>pratiqueM12024MDM</ownerDesignName>
<useDomainConstraints>false</useDomainConstraints>
<use>1</use>
<logicalDatatype>LOGDT019</logicalDatatype>
<ownDataTypeParameters>,,</ownDataTypeParameters>
<autoIncrementCycle>false</autoIncrementCycle>
</Column>
</columns>
<indexes itemClass="oracle.dbtools.crest.model.design.relational.Index">
<ind_PK_UK id="B1DB144D-92EE-F51A-8E81-77D88523AAE9" name="EDCmagasin_PK">
<createdBy>berio</createdBy>
<createdTime>2024-02-06 21:53:20 UTC</createdTime>
<generatorID>BC52AB14-7E2E-7B4F-57B0-5C7EC06734D2</generatorID>
<ownerDesignName>pratiqueM12024MDM</ownerDesignName>
<pk>true</pk>
<indexState>Primary Constraint</indexState>
<isSurrogateKey>false</isSurrogateKey>
<indexColumnUsage>
<colUsage columnID="E33697D5-17E6-D37E-B0F4-0FB06C79115C"/>
</indexColumnUsage>
</ind_PK_UK>
</indexes>
</Table>