<?xml version = '1.0' encoding = 'UTF-8'?>
<FKIndexAssociation class="oracle.dbtools.crest.model.design.relational.FKIndexAssociation" directorySegmentName="seg_0" id="0B67607B-80C4-748A-8840-D15E55CC0A46" containerWithKeyObject="D447A2B2-09F2-439C-1D21-50D926461F88" localFKIndex="9FC285FC-2234-64EF-AFA0-E153C660EBBC" name="EDCcommande_EDCclient_FK">
<createdBy>berio</createdBy>
<createdTime>2024-02-06 21:53:20 UTC</createdTime>
<generatorID>1BBED833-4447-5535-5C99-4333F079D6E9</generatorID>
<ownerDesignName>pratiqueM12024MDM</ownerDesignName>
<referredTableLongName>EDCclient</referredTableLongName>
<deleteRule>NO ACTION</deleteRule>
<referredTableID>4C358444-1E2F-3066-448C-472C725CD5F1</referredTableID>
<keyObject>D92B1333-16C8-3818-D8FB-3F943664F463</keyObject>
<referredKeyID>D92B1333-16C8-3818-D8FB-3F943664F463</referredKeyID>
<mandatory>true</mandatory>
<refColNames>id</refColNames>
<transferable>true</transferable>
<rely>false</rely>
<columnDependencyConstraintGenerateInDDL>true</columnDependencyConstraintGenerateInDDL>
</FKIndexAssociation>