<?xml version = '1.0' encoding = 'UTF-8'?>
<FKIndexAssociation class="oracle.dbtools.crest.model.design.relational.FKIndexAssociation" directorySegmentName="seg_0" id="35EF380C-403C-EC8D-6534-F664F361B155" containerWithKeyObject="5E316D59-7DE1-F525-5D95-16857DB25592" localFKIndex="BFD88E32-B10C-A5B4-E9CF-3A650FE79575" name="EDCpromoproduit_EDCproduit_FK">
<createdBy>berio</createdBy>
<createdTime>2024-02-06 21:53:20 UTC</createdTime>
<generatorID>34A8FD2C-DE78-39DB-A34E-19F12CE081E6</generatorID>
<ownerDesignName>pratiqueM12024MDM</ownerDesignName>
<referredTableLongName>EDCproduit</referredTableLongName>
<deleteRule>NO ACTION</deleteRule>
<referredTableID>A7F19E4A-2DA9-86A0-C397-A2DD4914D403</referredTableID>
<keyObject>9EAEB640-B715-6D81-6228-766C01EC39B5</keyObject>
<referredKeyID>9EAEB640-B715-6D81-6228-766C01EC39B5</referredKeyID>
<mandatory>true</mandatory>
<refColNames>pid</refColNames>
<transferable>true</transferable>
<rely>false</rely>
<columnDependencyConstraintGenerateInDDL>true</columnDependencyConstraintGenerateInDDL>
</FKIndexAssociation>