<?xml version = '1.0' encoding = 'UTF-8'?>
<FKIndexAssociation class="oracle.dbtools.crest.model.design.relational.FKIndexAssociation" directorySegmentName="seg_0" id="80FCC99A-A34D-8CE4-3CCF-2E2B2AE90F15" containerWithKeyObject="91D577CE-4FC8-5A10-7D35-40A7C3E25320" localFKIndex="4FEF08B1-F9C2-050A-8F8F-860B1A2B5736" name="EDCventes_EDCcommande_FK">
<createdBy>berio</createdBy>
<createdTime>2024-02-06 21:53:20 UTC</createdTime>
<generatorID>368F2DAA-E5B4-9A04-F372-30A2E75D1DB7</generatorID>
<ownerDesignName>pratiqueM12024MDM</ownerDesignName>
<referredTableLongName>EDCcommande</referredTableLongName>
<deleteRule>NO ACTION</deleteRule>
<referredTableID>D447A2B2-09F2-439C-1D21-50D926461F88</referredTableID>
<keyObject>F9FCF028-F6D6-1356-CAD6-FC00D9422656</keyObject>
<referredKeyID>F9FCF028-F6D6-1356-CAD6-FC00D9422656</referredKeyID>
<mandatory>true</mandatory>
<refColNames>idticketcaisse</refColNames>
<transferable>true</transferable>
<rely>false</rely>
<columnDependencyConstraintGenerateInDDL>true</columnDependencyConstraintGenerateInDDL>
</FKIndexAssociation>