<?xml version = '1.0' encoding = 'UTF-8'?>
<Diagram class="oracle.dbtools.crest.swingui.relational.DPVRelational" name="Relational_1(2)" id="6E4B6F7E-E13F-E33A-3500-7FED79FC65D4">
<createdBy>proua</createdBy>
<modifiedBy>proua</modifiedBy>
<createdTime>2023-04-13 16:20:09 UTC</createdTime>
<autoRoute>false</autoRoute>
<boxInbox>true</boxInbox>
<showLegend>false</showLegend>
<showLabels>false</showLabels>
<showRelAttributes>false</showRelAttributes>
<gridEnabled>false</gridEnabled>
<showGrid>false</showGrid>
<diagramColor>-1</diagramColor>
<display>false</display>
<notation>1</notation>
<objectViews>
<OView class="oracle.dbtools.crest.swingui.relational.TVTable" oid="3610C9E8-6991-A489-28C2-8FD2180F9289" otype="Table" vid="0F7AA6FC-4005-883F-D96D-834B8528E4D2">
<hideElementsInCurrentOnly>false</hideElementsInCurrentOnly>
<bounds x="458" y="318" width="237" height="249"/>
</OView>
<OView class="oracle.dbtools.crest.swingui.relational.TVTable" oid="7E7A01DC-2FE7-7597-A806-1FF60F8A297E" otype="Table" vid="81D76A87-966F-86FB-B68D-0C53291336A0">
<hideElementsInCurrentOnly>false</hideElementsInCurrentOnly>
<bounds x="123" y="223" width="202" height="172"/>
</OView>
<OView class="oracle.dbtools.crest.swingui.relational.TVTable" oid="D1C14EFB-ACB7-26FD-1B7E-975B125199A8" otype="Table" vid="097C0FBF-D347-EC6B-BAEC-FD9AF2B37029">
<hideElementsInCurrentOnly>false</hideElementsInCurrentOnly>
<bounds x="755" y="147" width="297" height="146"/>
</OView>
<OView class="oracle.dbtools.crest.swingui.relational.TVTable" oid="E655FB94-C0FB-B7F7-6EC6-97729BBA3CC5" otype="Table" vid="627D374F-602E-9D24-1B91-4EC7DB2D4C6D">
<hideElementsInCurrentOnly>false</hideElementsInCurrentOnly>
<bounds x="441" y="41" width="209" height="220"/>
</OView>
<OView class="oracle.dbtools.crest.swingui.relational.TVTable" oid="F778ABDB-18F5-BDA9-5834-9659E47D50E7" otype="Table" vid="F1A36866-A7EA-160A-93E3-62BF798F5211">
<hideElementsInCurrentOnly>false</hideElementsInCurrentOnly>
<bounds x="819" y="370" width="243" height="141"/>
</OView>
</objectViews>
<connectors>
<Connector class="oracle.dbtools.crest.swingui.relational.TVFKRelation" oid="0844B397-0CD1-90A3-7D0A-756D3996E06C" otype="FKIndexAssociation" vid_source="81D76A87-966F-86FB-B68D-0C53291336A0" vid_target="0F7AA6FC-4005-883F-D96D-834B8528E4D2">
<hideElementsInCurrentOnly>false</hideElementsInCurrentOnly>
<backgroundColor>-16777216</backgroundColor>
<lineWidth>1</lineWidth>
<points>
<point x="325" y="356"/>
<point x="458" y="356"/>
</points>
</Connector>
<Connector class="oracle.dbtools.crest.swingui.relational.TVFKRelation" oid="37C49800-2E25-C1C8-40CE-833A1EF3ECF4" otype="FKIndexAssociation" vid_source="F1A36866-A7EA-160A-93E3-62BF798F5211" vid_target="097C0FBF-D347-EC6B-BAEC-FD9AF2B37029">
<hideElementsInCurrentOnly>false</hideElementsInCurrentOnly>
<backgroundColor>-16777216</backgroundColor>
<lineWidth>1</lineWidth>
<points>
<point x="935" y="370"/>
<point x="935" y="293"/>
</points>
</Connector>
<Connector class="oracle.dbtools.crest.swingui.relational.TVFKRelation" oid="56919759-147B-C673-8326-ACB652538772" otype="FKIndexAssociation" vid_source="81D76A87-966F-86FB-B68D-0C53291336A0" vid_target="627D374F-602E-9D24-1B91-4EC7DB2D4C6D">
<hideElementsInCurrentOnly>false</hideElementsInCurrentOnly>
<backgroundColor>-16777216</backgroundColor>
<lineWidth>1</lineWidth>
<points>
<point x="325" y="242"/>
<point x="441" y="242"/>
</points>
</Connector>
<Connector class="oracle.dbtools.crest.swingui.relational.TVFKRelation" oid="A7FCECE9-85D9-A2FF-CD80-A6D3F3B41D75" otype="FKIndexAssociation" vid_source="097C0FBF-D347-EC6B-BAEC-FD9AF2B37029" vid_target="0F7AA6FC-4005-883F-D96D-834B8528E4D2">
<hideElementsInCurrentOnly>false</hideElementsInCurrentOnly>
<backgroundColor>-16777216</backgroundColor>
<lineWidth>1</lineWidth>
<points>
<point x="788" y="293"/>
<point x="695" y="387"/>
</points>
</Connector>
<Connector class="oracle.dbtools.crest.swingui.relational.TVFKRelation" oid="F326FE6A-B184-8829-5B0D-7811DD533B1C" otype="FKIndexAssociation" vid_source="097C0FBF-D347-EC6B-BAEC-FD9AF2B37029" vid_target="627D374F-602E-9D24-1B91-4EC7DB2D4C6D">
<hideElementsInCurrentOnly>false</hideElementsInCurrentOnly>
<backgroundColor>-16777216</backgroundColor>
<lineWidth>1</lineWidth>
<points>
<point x="755" y="219"/>
<point x="650" y="219"/>
</points>
</Connector>
</connectors>
</Diagram>