<?xml version = '1.0' encoding = 'UTF-8'?>
<Table class="oracle.dbtools.crest.model.design.relational.Table" directorySegmentName="seg_0" id="02269071-7970-A00E-965C-71E06B363B0E" name="customer">
<createdBy>proua</createdBy>
<createdTime>2023-04-13 14:48:48 UTC</createdTime>
<ownerDesignName>MetroStarlet</ownerDesignName>
<ordsAlias>table_5</ordsAlias>
<allowColumnReorder>false</allowColumnReorder>
<existDependencyGenerateInDDl>true</existDependencyGenerateInDDl>
<parsed>true</parsed>
<columns itemClass="oracle.dbtools.crest.model.design.relational.Column">
<Column name="customer_id" id="F3B36B00-010E-09FB-36BE-33067632A981">
<createdBy>proua</createdBy>
<createdTime>2023-04-13 14:49:38 UTC</createdTime>
<ownerDesignName>MetroStarlet</ownerDesignName>
<useDomainConstraints>false</useDomainConstraints>
<use>1</use>
<logicalDatatype>LOGDT019</logicalDatatype>
<ownDataTypeParameters>,,</ownDataTypeParameters>
<autoIncrementCycle>false</autoIncrementCycle>
</Column>
<Column name="first_name" id="13EE6C59-AF82-A526-2757-EC775FBAE318">
<createdBy>proua</createdBy>
<createdTime>2023-04-13 14:49:38 UTC</createdTime>
<ownerDesignName>MetroStarlet</ownerDesignName>
<nullsAllowed>true</nullsAllowed>
<useDomainConstraints>false</useDomainConstraints>
<use>1</use>
<logicalDatatype>LOGDT037</logicalDatatype>
<dataTypeSize>128</dataTypeSize>
<ownDataTypeParameters>128,,</ownDataTypeParameters>
<autoIncrementCycle>false</autoIncrementCycle>
</Column>
<Column name="last_name" id="0D823708-4A8B-0F53-E55D-9E3C96024FAE">
<createdBy>proua</createdBy>
<createdTime>2023-04-13 14:50:11 UTC</createdTime>
<ownerDesignName>MetroStarlet</ownerDesignName>
<nullsAllowed>true</nullsAllowed>
<useDomainConstraints>false</useDomainConstraints>
<use>1</use>
<logicalDatatype>LOGDT037</logicalDatatype>
<dataTypeSize>128</dataTypeSize>
<ownDataTypeParameters>128,,</ownDataTypeParameters>
<autoIncrementCycle>false</autoIncrementCycle>
</Column>
<Column name="sex" id="03BAEE14-1CEC-5D50-7E7F-B296A278946A">
<createdBy>proua</createdBy>
<createdTime>2023-04-13 14:50:56 UTC</createdTime>
<ownerDesignName>MetroStarlet</ownerDesignName>
<nullsAllowed>true</nullsAllowed>
<useDomainConstraints>false</useDomainConstraints>
<use>1</use>
<logicalDatatype>LOGDT037</logicalDatatype>
<dataTypeSize>6</dataTypeSize>
<ownDataTypeParameters>6,,</ownDataTypeParameters>
<autoIncrementCycle>false</autoIncrementCycle>
</Column>
<Column name="address" id="6690ED7A-D963-492B-3E69-58A401E84721">
<createdBy>proua</createdBy>
<createdTime>2023-04-13 14:51:50 UTC</createdTime>
<ownerDesignName>MetroStarlet</ownerDesignName>
<nullsAllowed>true</nullsAllowed>
<useDomainConstraints>false</useDomainConstraints>
<use>1</use>
<logicalDatatype>LOGDT037</logicalDatatype>
<dataTypeSize>256</dataTypeSize>
<ownDataTypeParameters>256,,</ownDataTypeParameters>
<autoIncrementCycle>false</autoIncrementCycle>
</Column>
</columns>
<indexes itemClass="oracle.dbtools.crest.model.design.relational.Index">
<ind_PK_UK id="BE8C99EB-FD5C-978C-CE78-31028CFF93D7" name="customer_PK">
<createdBy>proua</createdBy>
<createdTime>2023-04-13 14:49:38 UTC</createdTime>
<ownerDesignName>MetroStarlet</ownerDesignName>
<pk>true</pk>
<indexState>Primary Constraint</indexState>
<isSurrogateKey>false</isSurrogateKey>
<indexColumnUsage>
<colUsage columnID="F3B36B00-010E-09FB-36BE-33067632A981"/>
</indexColumnUsage>
</ind_PK_UK>
</indexes>
</Table>