<?xml version = '1.0' encoding = 'UTF-8'?>
<Table class="oracle.dbtools.crest.model.design.relational.Table" directorySegmentName="seg_0" id="2AA91BA1-4422-065C-D89B-33F6CB669451" name="product">
<createdBy>proua</createdBy>
<createdTime>2023-04-13 14:23:43 UTC</createdTime>
<ownerDesignName>MetroStarlet</ownerDesignName>
<ordsAlias>table_2</ordsAlias>
<allowColumnReorder>false</allowColumnReorder>
<existDependencyGenerateInDDl>true</existDependencyGenerateInDDl>
<parsed>true</parsed>
<columns itemClass="oracle.dbtools.crest.model.design.relational.Column">
<Column name="product_id" id="C3E49A2D-212F-FFA6-6E9C-B0CF59D58DB8">
<createdBy>proua</createdBy>
<createdTime>2023-04-13 14:24:25 UTC</createdTime>
<ownerDesignName>MetroStarlet</ownerDesignName>
<useDomainConstraints>false</useDomainConstraints>
<use>1</use>
<logicalDatatype>LOGDT019</logicalDatatype>
<ownDataTypeParameters>,,</ownDataTypeParameters>
<autoIncrementCycle>false</autoIncrementCycle>
</Column>
<Column name="category_name" id="F57A5803-8C8B-BC90-A608-F050DB5BAD02">
<createdBy>proua</createdBy>
<createdTime>2023-04-13 14:25:27 UTC</createdTime>
<ownerDesignName>MetroStarlet</ownerDesignName>
<nullsAllowed>true</nullsAllowed>
<useDomainConstraints>false</useDomainConstraints>
<use>1</use>
<logicalDatatype>LOGDT037</logicalDatatype>
<dataTypeSize>128</dataTypeSize>
<ownDataTypeParameters>128,,</ownDataTypeParameters>
<autoIncrementCycle>false</autoIncrementCycle>
</Column>
<Column name="movie_id" id="2A40FF18-DD85-85A4-52E7-59E0F1E3044F">
<createdBy>proua</createdBy>
<createdTime>2023-04-13 14:25:58 UTC</createdTime>
<ownerDesignName>MetroStarlet</ownerDesignName>
<nullsAllowed>true</nullsAllowed>
<useDomainConstraints>false</useDomainConstraints>
<use>1</use>
<logicalDatatype>LOGDT019</logicalDatatype>
<ownDataTypeParameters>,,</ownDataTypeParameters>
<autoIncrementCycle>false</autoIncrementCycle>
<associations>
<colAssociation fkAssociation="57F5DC2E-D558-0C37-671C-1831BA8C37D7" referredColumn="ADF64E3C-247B-23D7-F93B-BF3E2AA3A667"/>
</associations>
</Column>
<Column name="product_name" id="0E4FD131-8366-C64F-F75C-0C0051A93E4D">
<createdBy>proua</createdBy>
<createdTime>2023-04-13 14:26:28 UTC</createdTime>
<ownerDesignName>MetroStarlet</ownerDesignName>
<nullsAllowed>true</nullsAllowed>
<useDomainConstraints>false</useDomainConstraints>
<use>1</use>
<logicalDatatype>LOGDT037</logicalDatatype>
<dataTypeSize>256</dataTypeSize>
<ownDataTypeParameters>256,,</ownDataTypeParameters>
<autoIncrementCycle>false</autoIncrementCycle>
</Column>
<Column name="sale_price" id="6A2A9B6E-4FDD-7BE3-AA87-89094692F6AB">
<createdBy>proua</createdBy>
<createdTime>2023-04-13 14:27:15 UTC</createdTime>
<ownerDesignName>MetroStarlet</ownerDesignName>
<nullsAllowed>true</nullsAllowed>
<useDomainConstraints>false</useDomainConstraints>
<use>1</use>
<logicalDatatype>LOGDT026</logicalDatatype>
<dataTypePrecision>2</dataTypePrecision>
<ownDataTypeParameters>,2,</ownDataTypeParameters>
<autoIncrementCycle>false</autoIncrementCycle>
</Column>
<Column name="rent_price_per_day" id="5A1A1F0F-3664-8AAE-C630-66BAE6A2E8D3">
<createdBy>proua</createdBy>
<createdTime>2023-04-13 14:28:40 UTC</createdTime>
<ownerDesignName>MetroStarlet</ownerDesignName>
<nullsAllowed>true</nullsAllowed>
<useDomainConstraints>false</useDomainConstraints>
<use>1</use>
<logicalDatatype>LOGDT026</logicalDatatype>
<dataTypePrecision>2</dataTypePrecision>
<ownDataTypeParameters>,2,</ownDataTypeParameters>
<autoIncrementCycle>false</autoIncrementCycle>
</Column>
<Column name="quantity" id="724534B7-F9BE-2D1A-59DD-CF0C0E976BB1">
<createdBy>proua</createdBy>
<createdTime>2023-04-13 14:29:00 UTC</createdTime>
<ownerDesignName>MetroStarlet</ownerDesignName>
<nullsAllowed>true</nullsAllowed>
<useDomainConstraints>false</useDomainConstraints>
<use>1</use>
<logicalDatatype>LOGDT019</logicalDatatype>
<ownDataTypeParameters>,,</ownDataTypeParameters>
<autoIncrementCycle>false</autoIncrementCycle>
</Column>
</columns>
<indexes itemClass="oracle.dbtools.crest.model.design.relational.Index">
<ind_PK_UK id="38D1F9E4-3DFE-2C12-5020-46AFE6AD471F" name="product_PK">
<createdBy>proua</createdBy>
<createdTime>2023-04-13 14:29:34 UTC</createdTime>
<ownerDesignName>MetroStarlet</ownerDesignName>
<pk>true</pk>
<indexState>Primary Constraint</indexState>
<isSurrogateKey>false</isSurrogateKey>
<indexColumnUsage>
<colUsage columnID="C3E49A2D-212F-FFA6-6E9C-B0CF59D58DB8"/>
</indexColumnUsage>
</ind_PK_UK>
<ind_PK_UK id="447773C6-946B-49D4-C658-89E3B0DD2DEC" name="product_movie_FK">
<createdBy>proua</createdBy>
<createdTime>2023-04-13 15:00:24 UTC</createdTime>
<ownerDesignName>MetroStarlet</ownerDesignName>
<indexState>Foreign Key</indexState>
<isSurrogateKey>false</isSurrogateKey>
<indexColumnUsage>
<colUsage columnID="2A40FF18-DD85-85A4-52E7-59E0F1E3044F"/>
</indexColumnUsage>
</ind_PK_UK>
</indexes>
</Table>