<?xml version = '1.0' encoding = 'UTF-8'?>
<Table class="oracle.dbtools.crest.model.design.relational.Table" directorySegmentName="seg_0" id="6ECDBA2B-B48A-716C-19F5-0C501E3E9737" name="movie">
<createdBy>proua</createdBy>
<createdTime>2023-04-13 14:44:18 UTC</createdTime>
<ownerDesignName>MetroStarlet</ownerDesignName>
<ordsAlias>table_4</ordsAlias>
<allowColumnReorder>false</allowColumnReorder>
<existDependencyGenerateInDDl>true</existDependencyGenerateInDDl>
<parsed>true</parsed>
<columns itemClass="oracle.dbtools.crest.model.design.relational.Column">
<Column name="movie_id" id="ADF64E3C-247B-23D7-F93B-BF3E2AA3A667">
<createdBy>proua</createdBy>
<createdTime>2023-04-13 14:44:51 UTC</createdTime>
<ownerDesignName>MetroStarlet</ownerDesignName>
<useDomainConstraints>false</useDomainConstraints>
<use>1</use>
<logicalDatatype>LOGDT019</logicalDatatype>
<ownDataTypeParameters>,,</ownDataTypeParameters>
<autoIncrementCycle>false</autoIncrementCycle>
</Column>
<Column name="movie_title" id="70F5A673-A5CF-982D-A6C2-334DFABE7385">
<createdBy>proua</createdBy>
<createdTime>2023-04-13 14:45:14 UTC</createdTime>
<ownerDesignName>MetroStarlet</ownerDesignName>
<nullsAllowed>true</nullsAllowed>
<useDomainConstraints>false</useDomainConstraints>
<use>1</use>
<logicalDatatype>LOGDT037</logicalDatatype>
<dataTypeSize>256</dataTypeSize>
<ownDataTypeParameters>256,,</ownDataTypeParameters>
<autoIncrementCycle>false</autoIncrementCycle>
</Column>
<Column name="release_year" id="81D81FBE-35D1-4FE6-A59A-74CAEBCF8D81">
<createdBy>proua</createdBy>
<createdTime>2023-04-13 14:48:14 UTC</createdTime>
<ownerDesignName>MetroStarlet</ownerDesignName>
<nullsAllowed>true</nullsAllowed>
<useDomainConstraints>false</useDomainConstraints>
<use>1</use>
<logicalDatatype>LOGDT008</logicalDatatype>
<ownDataTypeParameters>,,</ownDataTypeParameters>
<autoIncrementCycle>false</autoIncrementCycle>
</Column>
</columns>
<indexes itemClass="oracle.dbtools.crest.model.design.relational.Index">
<ind_PK_UK id="B8CDA95E-30F1-7DD5-C774-E382C4A2BA61" name="movie_PK">
<createdBy>proua</createdBy>
<createdTime>2023-04-13 14:44:51 UTC</createdTime>
<ownerDesignName>MetroStarlet</ownerDesignName>
<pk>true</pk>
<indexState>Primary Constraint</indexState>
<isSurrogateKey>false</isSurrogateKey>
<indexColumnUsage>
<colUsage columnID="ADF64E3C-247B-23D7-F93B-BF3E2AA3A667"/>
</indexColumnUsage>
</ind_PK_UK>
</indexes>
</Table>