<?xml version = '1.0' encoding = 'UTF-8'?>
<Hierarchy class="oracle.dbtools.crest.model.design.multidimensional.Hierarchy" name="Hierarchy_2" directorySegmentName="seg_0" id="908568E2-0567-F611-FCB8-FC09BCB40488">
<createdBy>berio</createdBy>
<createdTime>2024-01-31 13:06:50 UTC</createdTime>
<ownerDesignName>modele1</ownerDesignName>
<nameInOracleAW>HIERARCHY_2</nameInOracleAW>
<defaultHierarchy>true</defaultHierarchy>
<linkToDimension>31BC0793-C7B6-7CAF-3409-53DC66AFC76B</linkToDimension>
<usedLevels>
<usedLevel>5DFBA1A0-EBF5-AF7A-47A9-C7AF3BCC17DA</usedLevel>
</usedLevels>
</Hierarchy>