<?xml version = '1.0' encoding = 'UTF-8'?>
<Entity class="oracle.dbtools.crest.model.design.logical.Entity" directorySegmentName="seg_0" id="180A5F77-6B94-E725-7BD7-6557682E4116" name="Commande">
<createdBy>berio</createdBy>
<createdTime>2024-01-31 12:23:25 UTC</createdTime>
<ownerDesignName>modele1</ownerDesignName>
<engineerTo>
<item key="0EEE69CD-9738-2D84-7AF8-B6CE4BFC7033" value="true"/>
</engineerTo>
<typeID>2</typeID>
<adequatelyNormalized>NO</adequatelyNormalized>
<expectedVolumes>0</expectedVolumes>
<fwdEngineeringStrategyName>Single Table</fwdEngineeringStrategyName>
<growthPercent>0</growthPercent>
<growthType>Year</growthType>
<maxVolumes>9999999</maxVolumes>
<minVolumes>0</minVolumes>
<normalForm>Third</normalForm>
<attributes itemClass="oracle.dbtools.crest.model.design.logical.Attribute">
<Attribute name="clientid" id="FAE1B3F9-78BC-EE04-8065-B974F8B2006C">
<createdBy>berio</createdBy>
<createdTime>2024-01-31 12:25:12 UTC</createdTime>
<ownerDesignName>modele1</ownerDesignName>
<engineerTo>
<item key="0EEE69CD-9738-2D84-7AF8-B6CE4BFC7033" value="true"/>
</engineerTo>
<useDomainConstraints>false</useDomainConstraints>
<use>1</use>
<logicalDatatype>LOGDT019</logicalDatatype>
<ownDataTypeParameters>,,</ownDataTypeParameters>
</Attribute>
</attributes>
<identifiers itemClass="oracle.dbtools.crest.model.design.logical.CandidateKey">
<identifier id="835ABC2D-ABC5-E4FA-7082-10E173420E74" name="Commande PK">
<createdBy>berio</createdBy>
<createdTime>2024-01-31 12:24:07 UTC</createdTime>
<ownerDesignName>modele1</ownerDesignName>
<engineerTo>
<item key="0EEE69CD-9738-2D84-7AF8-B6CE4BFC7033" value="true"/>
</engineerTo>
<pk>true</pk>
<usedAttributes>
<attributeRef>FAE1B3F9-78BC-EE04-8065-B974F8B2006C</attributeRef>
</usedAttributes>
</identifier>
</identifiers>
</Entity>