<?xml version = '1.0' encoding = 'UTF-8'?>
<Diagram class="oracle.dbtools.crest.swingui.relational.DPVRelational" name="Relational_1" id="BA3760C1-BD6A-366A-B087-0443C0793992">
<createdBy>berio</createdBy>
<modifiedBy>berio</modifiedBy>
<createdTime>2024-01-31 12:36:09 UTC</createdTime>
<autoRoute>false</autoRoute>
<boxInbox>true</boxInbox>
<showLegend>false</showLegend>
<showLabels>false</showLabels>
<showRelAttributes>false</showRelAttributes>
<gridEnabled>false</gridEnabled>
<showGrid>false</showGrid>
<diagramColor>-1</diagramColor>
<display>false</display>
<notation>1</notation>
<objectViews>
<OView class="oracle.dbtools.crest.swingui.relational.TVTable" oid="8AEF3A98-ED6C-72F2-A981-80B2343E15FB" otype="Table" vid="499908C6-CF18-DE8E-C9AF-C3235F4ECB82">
<hideElementsInCurrentOnly>false</hideElementsInCurrentOnly>
<bounds x="467" y="65" width="347" height="273"/>
</OView>
<OView class="oracle.dbtools.crest.swingui.relational.TVTable" oid="A3CE79EA-4FE5-5C49-BF9C-104FBA5D9C44" otype="Table" vid="A7728D66-2E95-CDFD-7520-CA67C0E66E87">
<hideElementsInCurrentOnly>false</hideElementsInCurrentOnly>
<bounds x="68" y="57" width="257" height="122"/>
</OView>
</objectViews>
<connectors>
<Connector class="oracle.dbtools.crest.swingui.relational.TVFKRelation" oid="42F00099-30BF-98C9-3151-0BD78E81918E" otype="FKIndexAssociation" vid_source="A7728D66-2E95-CDFD-7520-CA67C0E66E87" vid_target="499908C6-CF18-DE8E-C9AF-C3235F4ECB82">
<hideElementsInCurrentOnly>false</hideElementsInCurrentOnly>
<backgroundColor>-16777216</backgroundColor>
<lineWidth>1</lineWidth>
<points>
<point x="325" y="137"/>
<point x="467" y="137"/>
</points>
</Connector>
</connectors>
</Diagram>