<?xml version = '1.0' encoding = 'UTF-8'?>
<Cube class="oracle.dbtools.crest.model.design.multidimensional.Cube" name="vente" directorySegmentName="seg_0" id="6A66200F-3328-3A17-DB14-3D1E899E79A7">
<createdBy>berio</createdBy>
<createdTime>2024-01-31 12:45:40 UTC</createdTime>
<ownerDesignName>modele1</ownerDesignName>
<nameInOracleAW>VENTE</nameInOracleAW>
<compressedcomposites>false</compressedcomposites>
<factEntity>DA9510A5-3A4F-D058-9174-0BB7130F1C20</factEntity>
<partitioned>true</partitioned>
<useGlobalComposites>false</useGlobalComposites>
<virtual>true</virtual>
<dimensions>
<dimension>32C6C1F7-FB3F-41F2-F78A-BAD41357664B</dimension>
<dimension>30403E80-33DF-D601-4CEE-0EBB98288CFA</dimension>
<dimension>62148476-83F7-84FA-F9B9-37103F2B3413</dimension>
</dimensions>
<measures itemClass="oracle.dbtools.crest.model.design.multidimensional.Measure">
<measure name="Quantitevendue" id="BD63890C-6E05-11EE-5D24-A2DCB88F9752">
<createdBy>berio</createdBy>
<createdTime>2024-01-31 12:49:13 UTC</createdTime>
<ownerDesignName>modele1</ownerDesignName>
<nameInOracleAW>QUANTITEVENDUE</nameInOracleAW>
<actasFactDimension>false</actasFactDimension>
<additivity>Fully-Additive</additivity>
<aggregationFunctionID>2</aggregationFunctionID>
<cube>6A66200F-3328-3A17-DB14-3D1E899E79A7</cube>
<isformula>false</isformula>
<iscustomFormula>false</iscustomFormula>
<olAPoffset>0</olAPoffset>
<olAPoperator>Lag</olAPoperator>
<olAPPeriodToDateoperation>AVERAGE</olAPPeriodToDateoperation>
<olAPStart>0</olAPStart>
<olAPStep>1</olAPStep>
<olAPStop>1</olAPStop>
<oracleAWFormulaType>NO</oracleAWFormulaType>
<rankDirectionCode>HL</rankDirectionCode>
<rankDirectionName>Highest To Lowest</rankDirectionName>
<aggregationFunctions>
<function class="oracle.dbtools.crest.model.design.multidimensional.Measure$AggregateFunction" name="SUM" id="2">
<measureAlias>Quantitevendue</measureAlias>
</function>
</aggregationFunctions>
</measure>
</measures>
<factContainers>
<container>DA9510A5-3A4F-D058-9174-0BB7130F1C20</container>
</factContainers>
</Cube>