<?xml version = '1.0' encoding = 'UTF-8'?>
<Entity class="oracle.dbtools.crest.model.design.logical.Entity" directorySegmentName="seg_0" id="9546E25F-38D0-0D17-5B78-8DD2AFDCCD16" name="EDCclient">
<createdBy>berio</createdBy>
<createdTime>2024-02-07 12:08:39 UTC</createdTime>
<generatorID>4C358444-1E2F-3066-448C-472C725CD5F1</generatorID>
<ownerDesignName>pratiqueM12024MDM</ownerDesignName>
<engineerTo>
<item key="908EC7A8-79C9-4037-F10B-84DB664FAB1A" value="true"/>
</engineerTo>
<typeID>2</typeID>
<adequatelyNormalized>NO</adequatelyNormalized>
<expectedVolumes>0</expectedVolumes>
<fwdEngineeringStrategyName>Single Table</fwdEngineeringStrategyName>
<growthPercent>0</growthPercent>
<growthType>Year</growthType>
<maxVolumes>9999999</maxVolumes>
<minVolumes>0</minVolumes>
<normalForm>Third</normalForm>
<attributes itemClass="oracle.dbtools.crest.model.design.logical.Attribute">
<Attribute name="nom" id="B7F77BCD-4C6C-1FA8-3CD2-9232C1B51096">
<createdBy>berio</createdBy>
<createdTime>2024-02-07 12:08:39 UTC</createdTime>
<generatorID>375DD03D-6C9B-B9AC-2C17-934EA0EB2189</generatorID>
<ownerDesignName>pratiqueM12024MDM</ownerDesignName>
<engineerTo>
<item key="908EC7A8-79C9-4037-F10B-84DB664FAB1A" value="true"/>
</engineerTo>
<use>0</use>
<logicalDatatype>LOGDT024</logicalDatatype>
<domain>CAB432AB-8FAB-4339-9308-B4EDBD1B727C</domain>
<ownDataTypeParameters>,,</ownDataTypeParameters>
</Attribute>
<Attribute name="prénom" id="1BB54528-E5BA-9DB8-099C-EEF9753E654F">
<createdBy>berio</createdBy>
<createdTime>2024-02-07 12:08:39 UTC</createdTime>
<generatorID>4C4985FA-86D4-D016-4F27-28480BE8F070</generatorID>
<ownerDesignName>pratiqueM12024MDM</ownerDesignName>
<engineerTo>
<item key="908EC7A8-79C9-4037-F10B-84DB664FAB1A" value="true"/>
</engineerTo>
<use>0</use>
<logicalDatatype>LOGDT024</logicalDatatype>
<domain>CAB432AB-8FAB-4339-9308-B4EDBD1B727C</domain>
<ownDataTypeParameters>,,</ownDataTypeParameters>
</Attribute>
<Attribute name="id" id="353E38B4-352D-A213-F332-490874878B94">
<createdBy>berio</createdBy>
<createdTime>2024-02-07 12:08:39 UTC</createdTime>
<generatorID>721ED30E-4C39-2A29-C2C7-266816CAE82F</generatorID>
<ownerDesignName>pratiqueM12024MDM</ownerDesignName>
<engineerTo>
<item key="908EC7A8-79C9-4037-F10B-84DB664FAB1A" value="true"/>
</engineerTo>
<use>0</use>
<logicalDatatype>LOGDT019</logicalDatatype>
<domain>98B5AA09-2C1D-C96B-4352-63D4DB126EFD</domain>
<ownDataTypeParameters>,,</ownDataTypeParameters>
</Attribute>
<Attribute name="EDCville id" id="F7284817-7AF0-F581-66DE-A5B06DC4F9E8">
<createdBy>berio</createdBy>
<createdTime>2024-02-07 12:08:39 UTC</createdTime>
<generatorID>E59A7E26-B4FD-F44F-E04E-F3BC0C69BB50</generatorID>
<ownerDesignName>pratiqueM12024MDM</ownerDesignName>
<engineerTo>
<item key="908EC7A8-79C9-4037-F10B-84DB664FAB1A" value="true"/>
</engineerTo>
<referedAttribute>F8EB55C0-ED91-6D86-E62B-71F72FD12247</referedAttribute>
<use>0</use>
<logicalDatatype>LOGDT019</logicalDatatype>
<domain>98B5AA09-2C1D-C96B-4352-63D4DB126EFD</domain>
<ownDataTypeParameters>,,</ownDataTypeParameters>
</Attribute>
</attributes>
<identifiers itemClass="oracle.dbtools.crest.model.design.logical.CandidateKey">
<identifier id="40D0D336-1E9E-518F-5942-30AAFA68BF65" name="EDCclient PK">
<createdBy>berio</createdBy>
<createdTime>2024-02-07 12:08:39 UTC</createdTime>
<generatorID>D92B1333-16C8-3818-D8FB-3F943664F463</generatorID>
<ownerDesignName>pratiqueM12024MDM</ownerDesignName>
<engineerTo>
<item key="908EC7A8-79C9-4037-F10B-84DB664FAB1A" value="true"/>
</engineerTo>
<pk>true</pk>
<usedAttributes>
<attributeRef>353E38B4-352D-A213-F332-490874878B94</attributeRef>
</usedAttributes>
</identifier>
</identifiers>
</Entity>