<?xml version = '1.0' encoding = 'UTF-8'?>
<Level class="oracle.dbtools.crest.model.design.multidimensional.Level" name="categorie" directorySegmentName="seg_0" id="2FFE3783-E3FA-92AA-DC09-46D35BFE1F7F">
<createdBy>berio</createdBy>
<createdTime>2024-02-07 12:49:20 UTC</createdTime>
<ownerDesignName>pratiqueM12024MDM</ownerDesignName>
<nameInOracleAW>CATEGORIE</nameInOracleAW>
<levelEntity>9ED594E4-20EE-5E4F-95C3-52397C344522</levelEntity>
<rootIdentification>ParentIsBlankSelfOrMissing</rootIdentification>
<valueBasedHierarchy>false</valueBasedHierarchy>
<oraAWAttributes class="oracle.dbtools.crest.model.design.multidimensional.Level$OraAWAttributes">
</oraAWAttributes>
<levelKey>
<attribute>EA86DC08-6080-8EF1-6B72-D280CAA077CD</attribute>
</levelKey>
<descriptiveAttributes>
<descrAttribute class="oracle.dbtools.crest.model.design.multidimensional.SlowChangingAttribute" name="nomcategorie" id="F2702EEA-BAB4-CF2B-9916-6ED611784F79">
<createdBy>berio</createdBy>
<createdTime>2024-02-07 12:49:59 UTC</createdTime>
<ownerDesignName>pratiqueM12024MDM</ownerDesignName>
<attribute>458328B1-1EC1-EEE8-A308-254FC60E7DBA</attribute>
<classification>USER</classification>
<indexed>false</indexed>
<type>NONE</type>
</descrAttribute>
</descriptiveAttributes>
</Level>