<?xml version = '1.0' encoding = 'UTF-8'?>
<Level class="oracle.dbtools.crest.model.design.multidimensional.Level" name="annee" directorySegmentName="seg_0" id="4FBCCF42-43A7-1962-3B44-8EE0AA60A962">
<createdBy>berio</createdBy>
<createdTime>2024-02-07 13:13:06 UTC</createdTime>
<ownerDesignName>pratiqueM12024MDM</ownerDesignName>
<nameInOracleAW>ANNEE</nameInOracleAW>
<levelEntity>0916B3F8-2A78-2EB0-19C7-B1CDD996E131</levelEntity>
<rootIdentification>ParentIsBlankSelfOrMissing</rootIdentification>
<valueBasedHierarchy>false</valueBasedHierarchy>
<oraAWAttributes class="oracle.dbtools.crest.model.design.multidimensional.Level$OraAWAttributes">
</oraAWAttributes>
<levelKey>
<attribute>19FDC9EC-1D47-DCC9-63D6-DF33CE99780B</attribute>
</levelKey>
</Level>