<?xml version = '1.0' encoding = 'UTF-8'?>
<RollupLink class="oracle.dbtools.crest.model.design.multidimensional.RollupLink" name="RollupLink_11" directorySegmentName="seg_0" id="0B139033-14DF-9BBA-E943-D15116E153F6">
<createdBy>berio</createdBy>
<createdTime>2024-02-07 13:15:51 UTC</createdTime>
<ownerDesignName>pratiqueM12024MDM</ownerDesignName>
<nameInOracleAW>ROLLUPLINK_11</nameInOracleAW>
<childLevel>E41AFB8B-8C48-3280-28DE-58075C0DB788</childLevel>
<defaultAggregationOperator>SUM</defaultAggregationOperator>
<parentLevel>6195EB2B-7070-4992-659A-E9BFB42F7304</parentLevel>
<rolePlaying>false</rolePlaying>
<sparseDimension>false</sparseDimension>
<link class="oracle.dbtools.crest.model.design.multidimensional.Link" name="Link_11" id="7FA1E30B-F5D5-D486-5353-4453877117F7">
<createdBy>berio</createdBy>
<createdTime>2024-02-07 13:15:51 UTC</createdTime>
<ownerDesignName>pratiqueM12024MDM</ownerDesignName>
<nameInOracleAW>LINK_11</nameInOracleAW>
<rollupLink>0B139033-14DF-9BBA-E943-D15116E153F6</rollupLink>
<sourceMDObject>E41AFB8B-8C48-3280-28DE-58075C0DB788</sourceMDObject>
<targetMDObject>6195EB2B-7070-4992-659A-E9BFB42F7304</targetMDObject>
</link>
</RollupLink>