<?xml version = '1.0' encoding = 'UTF-8'?>
<RollupLink class="oracle.dbtools.crest.model.design.multidimensional.RollupLink" name="RollupLink_13" directorySegmentName="seg_0" id="6AB94FA1-E8C7-C75A-C3CB-599A788F5806">
<createdBy>berio</createdBy>
<createdTime>2024-02-07 13:17:32 UTC</createdTime>
<ownerDesignName>pratiqueM12024MDM</ownerDesignName>
<nameInOracleAW>ROLLUPLINK_13</nameInOracleAW>
<childLevel>7531354F-9519-F9D2-7146-78EEBEE9DBA6</childLevel>
<defaultAggregationOperator>SUM</defaultAggregationOperator>
<parentLevel>32485107-7C09-10B5-2E28-DBF3C2F578BA</parentLevel>
<rolePlaying>false</rolePlaying>
<sparseDimension>false</sparseDimension>
<link class="oracle.dbtools.crest.model.design.multidimensional.Link" name="Link_13" id="5F3525B5-F02A-090F-D37C-615032158451">
<createdBy>berio</createdBy>
<createdTime>2024-02-07 13:17:32 UTC</createdTime>
<ownerDesignName>pratiqueM12024MDM</ownerDesignName>
<nameInOracleAW>LINK_13</nameInOracleAW>
<rollupLink>6AB94FA1-E8C7-C75A-C3CB-599A788F5806</rollupLink>
<sourceMDObject>7531354F-9519-F9D2-7146-78EEBEE9DBA6</sourceMDObject>
<targetMDObject>32485107-7C09-10B5-2E28-DBF3C2F578BA</targetMDObject>
</link>
</RollupLink>