<?xml version = '1.0' encoding = 'UTF-8'?>
<RollupLink class="oracle.dbtools.crest.model.design.multidimensional.RollupLink" name="RollupLink_8" directorySegmentName="seg_0" id="965C3878-E302-B105-7675-A1D94C1C06C5">
<createdBy>berio</createdBy>
<createdTime>2024-02-07 13:08:41 UTC</createdTime>
<ownerDesignName>pratiqueM12024MDM</ownerDesignName>
<nameInOracleAW>ROLLUPLINK_8</nameInOracleAW>
<childLevel>58DAA75A-09A0-D54B-5BA1-25CC260A73A5</childLevel>
<defaultAggregationOperator>SUM</defaultAggregationOperator>
<parentLevel>E41AFB8B-8C48-3280-28DE-58075C0DB788</parentLevel>
<rolePlaying>false</rolePlaying>
<sparseDimension>false</sparseDimension>
<link class="oracle.dbtools.crest.model.design.multidimensional.Link" name="Link_8" id="B0237A16-7CDF-499A-B61F-D6493A8FD5EB">
<createdBy>berio</createdBy>
<createdTime>2024-02-07 13:08:41 UTC</createdTime>
<ownerDesignName>pratiqueM12024MDM</ownerDesignName>
<nameInOracleAW>LINK_8</nameInOracleAW>
<rollupLink>965C3878-E302-B105-7675-A1D94C1C06C5</rollupLink>
<sourceMDObject>58DAA75A-09A0-D54B-5BA1-25CC260A73A5</sourceMDObject>
<targetMDObject>E41AFB8B-8C48-3280-28DE-58075C0DB788</targetMDObject>
</link>
</RollupLink>