<?xml version = '1.0' encoding = 'UTF-8'?>
<RollupLink class="oracle.dbtools.crest.model.design.multidimensional.RollupLink" name="RollupLink_4" directorySegmentName="seg_0" id="D22F84B2-A3A5-D707-ABB6-1E74FC665876">
<createdBy>berio</createdBy>
<createdTime>2024-02-07 12:52:15 UTC</createdTime>
<ownerDesignName>pratiqueM12024MDM</ownerDesignName>
<nameInOracleAW>ROLLUPLINK_4</nameInOracleAW>
<childLevel>7531354F-9519-F9D2-7146-78EEBEE9DBA6</childLevel>
<defaultAggregationOperator>SUM</defaultAggregationOperator>
<parentLevel>40225E76-FCD9-901F-65DE-B09E7957276F</parentLevel>
<rolePlaying>false</rolePlaying>
<sparseDimension>false</sparseDimension>
<link class="oracle.dbtools.crest.model.design.multidimensional.Link" name="Link_4" id="4C2A3227-3B11-9C6A-10E6-5EFAC04F6DA0">
<createdBy>berio</createdBy>
<createdTime>2024-02-07 12:52:15 UTC</createdTime>
<ownerDesignName>pratiqueM12024MDM</ownerDesignName>
<nameInOracleAW>LINK_4</nameInOracleAW>
<rollupLink>D22F84B2-A3A5-D707-ABB6-1E74FC665876</rollupLink>
<sourceMDObject>7531354F-9519-F9D2-7146-78EEBEE9DBA6</sourceMDObject>
<targetMDObject>40225E76-FCD9-901F-65DE-B09E7957276F</targetMDObject>
</link>
</RollupLink>