<?xml version = '1.0' encoding = 'UTF-8'?>
<RollupLink class="oracle.dbtools.crest.model.design.multidimensional.RollupLink" name="RollupLink_15" directorySegmentName="seg_0" id="E5E2C9F2-E7CB-C19B-7C99-FB67C7B45A04">
<createdBy>berio</createdBy>
<createdTime>2024-02-07 13:24:10 UTC</createdTime>
<ownerDesignName>pratiqueM12024MDM</ownerDesignName>
<nameInOracleAW>ROLLUPLINK_15</nameInOracleAW>
<childLevel>AC6664D3-5972-23F5-4747-A407CDD422AD</childLevel>
<defaultAggregationOperator>SUM</defaultAggregationOperator>
<parentLevel>97401288-581E-7371-88C5-8460867C48D8</parentLevel>
<rolePlaying>false</rolePlaying>
<sparseDimension>false</sparseDimension>
<link class="oracle.dbtools.crest.model.design.multidimensional.Link" name="Link_15" id="989465BE-7D72-A8A3-5CFF-36ADAE9ACB12">
<createdBy>berio</createdBy>
<createdTime>2024-02-07 13:24:10 UTC</createdTime>
<ownerDesignName>pratiqueM12024MDM</ownerDesignName>
<nameInOracleAW>LINK_15</nameInOracleAW>
<rollupLink>E5E2C9F2-E7CB-C19B-7C99-FB67C7B45A04</rollupLink>
<sourceMDObject>AC6664D3-5972-23F5-4747-A407CDD422AD</sourceMDObject>
<targetMDObject>97401288-581E-7371-88C5-8460867C48D8</targetMDObject>
</link>
</RollupLink>