<?xml version = '1.0' encoding = 'UTF-8'?>
<RMExtendedMap class="oracle.dbtools.crest.model.xtdmapping.RMExtendedMap">
<mappings itemClass="oracle.dbtools.crest.model.xtdmapping.ContainerMapping">
<CM id="180A5F77-6557682E4116A3CE79EA-104FBA5D9C44" lID="180A5F77-6B94-E725-7BD7-6557682E4116" lT="0" rID="A3CE79EA-4FE5-5C49-BF9C-104FBA5D9C44" rT="4">
<containedMappings itemClass="oracle.dbtools.crest.model.xtdmapping.RelMapping">
<Mg id="835ABC2D-10E173420E747DCB62BF-F1DFB52518F0" lID="835ABC2D-ABC5-E4FA-7082-10E173420E74" lT="2" rID="7DCB62BF-C429-34B8-FD84-F1DFB52518F0" rT="7">
</Mg>
<Mg id="FAE1B3F9-B974F8B2006CE05B1B0B-9C79E1AE7DD0" lID="FAE1B3F9-78BC-EE04-8065-B974F8B2006C" rID="E05B1B0B-AF01-D658-E6F0-9C79E1AE7DD0">
</Mg>
</containedMappings>
</CM>
<CM id="DA9510A5-0BB7130F1C208AEF3A98-80B2343E15FB" lID="DA9510A5-3A4F-D058-9174-0BB7130F1C20" lT="0" rID="8AEF3A98-ED6C-72F2-A981-80B2343E15FB" rT="4">
<containedMappings itemClass="oracle.dbtools.crest.model.xtdmapping.RelMapping">
<Mg id="5F38714B-1DC238ACE77DC7520B65-3E36171244A6" lID="5F38714B-9C72-3BE7-AF20-1DC238ACE77D" lT="2" rID="C7520B65-ED52-DC21-E28A-3E36171244A6" rT="7">
</Mg>
<Mg id="FF9A0F00-E4C2DF475582CAD652CE-8A710F9925DD" lID="FF9A0F00-277E-A0A7-7F91-E4C2DF475582" rID="CAD652CE-950A-C565-4C0F-8A710F9925DD">
</Mg>
</containedMappings>
</CM>
<CM id="346FB670-DBF6AB6B151C42F00099-0BD78E81918E" lID="346FB670-F619-9076-BF41-DBF6AB6B151C" lT="3" rID="42F00099-30BF-98C9-3151-0BD78E81918E" rT="8" rSEnt="180A5F77-6B94-E725-7BD7-6557682E4116" rTEnt="DA9510A5-3A4F-D058-9174-0BB7130F1C20">
</CM>
</mappings>
</RMExtendedMap>